Entity,Code_x,Year,Meningitis fatalities,Dementia fatalities,Parkinsons fatalities,Nutritional deficiency fatalities,Malaria fatalities,Drowning fatalities,Interpersonal violence fatalities,Maternal disorder fatalities,HIV/AIDS fatalities,Drug disorder fatalities,Tuberculosis fatalities,Cardiovascular fatalities,Lower respiratory fatalities,Neonatal disorder fatalities,Alcohol disorder fatalities,Self harm fatalities,Forces of nature fatalities,Diarrheal disease fatalities,Environmental exposure fatalities,Neoplasm fatalities,Conflict fatalities,Diabetes fatalities,Chronic kidney fatalities,Poisoning fatalities,Protein energy malnutrition fatalities,Road injury fatalities,Chronic respiratory fatalities,Chronic liver fatalities,Digestive disease fatalities,Fire fatalities,Acute hepatitis fatalities,Measles fatalities,Total Deaths,UHC Service Coverage Index (SDG 3.8.1)
Brunei,BRN,2000,2,10,5,1,0,17,5,2,2,3,18,326,33,24,1,12,0,2,0,241,0,101,32,1,1,59,75,20,39,4,4,0,1040,49.39087
Brunei,BRN,2001,2,11,6,1,0,17,5,2,2,2,18,326,33,24,1,12,0,2,0,246,0,103,33,1,1,57,73,20,38,4,4,0,1044,52.281088
Brunei,BRN,2002,2,11,6,1,0,16,5,2,2,2,17,336,36,25,1,13,0,2,1,257,0,108,34,1,0,56,75,20,38,4,4,0,1075,55.171306
Brunei,BRN,2003,2,12,7,1,0,16,5,2,3,2,17,349,38,26,1,14,0,2,1,273,0,115,37,1,0,56,76,20,39,4,4,0,1123,58.061524
Brunei,BRN,2004,2,12,7,1,0,16,5,2,3,2,17,355,41,25,1,15,0,2,1,287,0,120,39,1,0,56,76,20,39,4,4,0,1153,60.951741999999996
Brunei,BRN,2005,1,13,7,1,0,16,5,2,3,2,16,361,43,24,1,15,0,2,1,299,0,125,41,1,0,55,75,21,40,4,3,0,1177,63.84196
Brunei,BRN,2006,1,13,7,1,0,15,5,2,4,2,16,364,45,23,1,16,0,2,1,310,0,128,43,1,0,54,74,21,40,4,3,0,1196,65.008618
Brunei,BRN,2007,1,14,8,1,0,15,5,2,4,2,16,360,46,23,1,17,0,2,1,320,0,129,45,1,0,54,72,21,41,4,3,0,1208,66.175276
Brunei,BRN,2008,1,14,8,1,0,14,6,2,5,2,16,358,48,22,1,17,0,2,1,329,0,128,46,1,0,52,72,21,41,4,3,0,1215,67.34193400000001
Brunei,BRN,2009,1,15,8,1,0,13,6,2,5,2,16,368,51,22,1,17,0,2,1,345,0,131,49,1,0,51,73,22,42,4,3,0,1252,68.50859200000001
Brunei,BRN,2010,1,16,9,1,0,14,6,2,5,2,16,377,55,23,1,18,0,2,1,363,0,136,52,1,0,52,74,23,44,4,3,0,1301,69.67525
Brunei,BRN,2011,1,16,9,1,0,14,6,2,5,2,16,383,59,24,1,19,0,2,1,377,0,138,54,1,0,53,74,23,45,4,3,0,1333,70.76318
Brunei,BRN,2012,1,17,9,1,0,15,6,2,5,2,16,390,62,25,1,20,0,2,1,394,0,141,57,1,0,55,75,24,47,4,3,0,1376,71.85111
Brunei,BRN,2013,1,18,10,1,0,15,6,3,5,2,17,407,67,26,1,21,0,3,1,416,0,146,61,1,0,56,78,25,49,4,3,0,1443,72.93904
Brunei,BRN,2014,1,19,10,1,0,15,6,3,5,2,17,421,71,26,1,22,0,3,1,434,0,149,65,1,0,56,79,26,51,4,3,0,1492,74.02697
Brunei,BRN,2015,1,19,11,1,0,15,6,3,6,2,18,436,74,26,1,22,3,3,1,453,0,152,68,1,0,56,81,27,53,5,3,0,1547,75.1149
Brunei,BRN,2016,1,20,11,1,0,15,6,2,5,2,18,453,76,25,1,23,0,3,1,473,0,153,72,1,0,56,83,28,55,5,3,0,1592,76.39318
Brunei,BRN,2017,1,21,12,1,0,16,6,2,5,2,19,472,78,24,1,23,0,3,1,491,0,159,74,1,0,59,86,29,57,5,3,0,1651,77.67146
Brunei,BRN,2018,2,22,12,1,0,16,6,3,5,2,19,491,80,23,1,24,0,3,1,510,0,165,76,1,0,60,90,30,59,5,3,0,1710,77.40573499999999
Brunei,BRN,2019,2,24,13,1,0,16,6,3,5,2,19,508,82,23,2,25,0,3,1,528,0,171,78,1,0,61,93,31,61,5,3,0,1767,77.14001
Cambodia,KHM,2000,648,697,185,1907,967,1531,479,1423,6401,25,10454,17476,18788,7264,121,661,347,4921,4,7653,16,1897,1359,91,1794,2691,3175,5666,9159,251,189,2002,110242,23.90044
Cambodia,KHM,2001,617,732,192,1713,609,1519,466,1361,7121,25,10217,17860,17991,7049,115,669,56,4484,4,7822,5,1939,1379,90,1603,2733,3230,5815,9319,247,178,1786,108946,26.569556
Cambodia,KHM,2002,600,773,200,1552,633,1532,461,1291,7593,25,9860,18226,17390,6940,110,674,29,4159,4,8040,4,1986,1404,90,1446,2775,3295,5961,9484,247,198,672,107654,29.238672
Cambodia,KHM,2003,567,818,209,1377,916,1497,458,1196,7801,25,9423,18603,16573,6818,108,675,0,3814,4,8254,2,2038,1427,88,1276,2779,3363,6089,9623,242,221,227,106511,31.907788
Cambodia,KHM,2004,531,867,220,1222,747,1462,459,1119,7710,26,9024,19034,15782,6707,107,682,0,3484,4,8511,0,2101,1457,87,1125,2802,3438,6231,9775,238,251,87,105290,34.576904
Cambodia,KHM,2005,494,919,230,1088,487,1418,461,1021,7287,26,8650,19441,15054,6605,106,687,16,3174,4,8768,1,2162,1482,85,996,2810,3507,6351,9884,233,289,80,103816,37.24602
Cambodia,KHM,2006,454,973,241,964,822,1340,460,903,6523,26,8315,19856,14322,6510,105,681,5,2915,4,8999,1,2219,1506,81,876,2769,3572,6420,9933,225,326,126,102472,39.88968
Cambodia,KHM,2007,420,1030,253,867,442,1298,470,834,5541,27,8114,20408,13781,6412,106,690,2,2694,4,9318,2,2294,1548,80,782,2792,3657,6535,10045,221,368,326,101361,42.53334
Cambodia,KHM,2008,389,1089,266,785,490,1245,473,778,4628,28,7953,21017,13323,6291,107,693,0,2505,4,9629,1,2371,1587,78,703,2783,3748,6618,10120,217,406,381,100706,45.177
Cambodia,KHM,2009,357,1147,280,720,603,1199,479,711,3920,28,7835,21722,12918,6153,108,696,19,2360,4,9944,0,2456,1629,76,641,2774,3850,6705,10206,213,453,539,100745,47.820660000000004
Cambodia,KHM,2010,312,1209,295,679,335,1183,495,668,3361,29,7741,22564,12732,5991,110,708,8,2250,4,10345,25,2563,1684,75,601,2800,3971,6846,10371,213,416,610,101194,50.46432
Cambodia,KHM,2011,289,1273,310,642,320,1136,498,595,2875,29,7551,23410,12492,5779,112,711,247,2142,4,10723,23,2670,1735,74,565,2790,4090,6959,10494,209,393,668,101808,51.551484
Cambodia,KHM,2012,279,1335,324,618,148,1136,513,561,2521,30,7350,24179,12429,5609,114,718,14,2067,4,11114,4,2768,1783,74,542,2801,4186,7085,10631,211,375,383,101906,52.638648
Cambodia,KHM,2013,262,1399,338,594,84,1109,513,559,2290,31,7134,24962,12281,5423,116,724,200,1982,4,11526,6,2876,1835,73,519,2804,4281,7208,10757,209,359,402,102860,53.725812
Cambodia,KHM,2014,257,1461,352,581,118,1113,514,555,2121,32,6934,25734,12303,5264,119,734,45,1934,4,11963,4,2984,1886,73,506,2828,4379,7369,10941,211,349,75,103743,54.812976
Cambodia,KHM,2015,174,1526,367,569,138,1108,514,535,1961,33,6734,26558,12179,5146,121,748,0,1893,4,12436,2,3103,1943,74,495,2849,4485,7554,11160,212,340,47,105008,55.90014
Cambodia,KHM,2016,159,1591,383,557,94,1098,514,519,1825,34,6531,27398,12124,4986,124,764,0,1853,4,12927,5,3229,2004,73,483,2870,4595,7760,11411,213,332,47,106507,57.78931
Cambodia,KHM,2017,147,1655,400,548,152,1075,505,501,1690,35,6318,28304,12059,4805,127,775,0,1844,5,13424,3,3346,2059,73,474,2876,4711,8028,11757,212,326,65,108299,59.67848
Cambodia,KHM,2018,138,1725,421,539,66,1065,501,488,1539,36,6174,29323,12059,4620,130,784,0,1777,5,13998,8,3490,2127,72,465,2895,4840,8211,11976,213,318,58,110061,58.98577
Cambodia,KHM,2019,129,1794,442,532,57,1048,495,477,1416,37,6046,30313,12066,4440,133,785,0,1718,5,14553,2,3631,2193,72,457,2911,4959,8388,12188,213,310,121,111931,58.29306
East Timor,TLS,2000,62,35,10,265,35,84,27,135,264,1,374,915,904,804,6,45,0,462,2,369,82,82,112,5,253,113,284,122,264,14,14,362,6506,28.12505
East Timor,TLS,2001,59,37,10,243,55,80,27,129,264,1,369,970,851,788,6,44,1,441,2,377,98,84,115,5,231,112,287,124,268,13,12,338,6441,28.652296
East Timor,TLS,2002,56,39,11,218,137,78,25,120,262,1,357,1027,809,774,5,41,0,418,2,385,114,86,118,5,206,109,292,126,271,13,11,303,6419,29.179542
East Timor,TLS,2003,55,41,12,196,110,79,26,119,259,1,365,1102,787,762,5,43,3,407,2,402,54,90,123,5,185,113,303,130,280,13,11,282,6365,29.706788
East Timor,TLS,2004,51,43,12,170,366,72,21,98,254,1,335,1143,740,742,5,36,0,373,2,406,0,91,123,4,159,100,303,129,277,12,9,160,6237,30.234034
East Timor,TLS,2005,49,46,13,150,328,69,24,93,248,1,319,1206,700,714,5,37,0,349,2,429,0,96,128,4,140,103,310,134,284,12,9,134,6136,30.76128
East Timor,TLS,2006,44,50,14,126,376,64,23,82,244,1,288,1250,636,673,5,35,0,308,2,444,50,99,130,4,117,97,312,135,284,11,8,120,6032,32.904976
East Timor,TLS,2007,42,54,15,111,355,64,24,77,242,1,271,1317,608,642,5,36,1,288,2,470,36,104,135,4,102,98,320,140,293,11,7,62,5937,35.048671999999996
East Timor,TLS,2008,38,57,16,95,447,58,21,66,244,1,251,1374,567,613,5,33,0,263,2,488,3,108,138,3,87,92,326,141,296,10,6,53,5902,37.192368
East Timor,TLS,2009,36,61,18,86,320,58,23,66,247,1,256,1477,556,593,5,37,0,254,2,525,0,117,148,3,78,100,343,149,312,10,6,70,5957,39.336064
East Timor,TLS,2010,35,66,19,79,310,59,24,62,252,1,263,1591,549,575,5,38,0,250,2,561,0,126,159,3,72,103,364,155,326,10,6,47,6112,41.47976
East Timor,TLS,2011,35,71,21,76,118,62,27,67,256,1,269,1724,556,564,5,45,0,248,2,611,0,137,172,4,69,116,387,167,348,11,6,53,6228,42.651006
East Timor,TLS,2012,33,75,22,74,14,66,29,68,261,1,272,1833,565,553,6,49,0,247,2,652,0,146,182,4,67,127,407,176,364,12,6,15,6328,43.822252
East Timor,TLS,2013,32,79,24,71,2,66,30,66,265,1,273,1932,565,541,6,51,0,239,2,683,0,153,190,4,64,131,424,181,373,12,6,11,6477,44.993498
East Timor,TLS,2014,32,83,25,69,1,67,31,64,266,1,278,2025,572,539,6,54,0,234,2,707,0,160,198,4,62,137,438,186,382,12,6,15,6656,46.164744
East Timor,TLS,2015,32,87,27,67,0,68,32,63,264,1,284,2143,586,545,6,56,0,230,2,740,0,169,207,4,60,143,460,190,392,13,6,28,6905,47.33599
East Timor,TLS,2016,33,91,28,66,0,70,34,60,263,2,289,2226,598,546,6,58,0,233,2,765,0,175,214,4,59,148,475,195,402,13,6,7,7068,48.477805000000004
East Timor,TLS,2017,32,95,29,64,0,69,35,61,256,2,293,2315,595,533,7,60,0,235,2,786,0,181,221,4,57,151,490,201,414,13,6,12,7219,49.61962
East Timor,TLS,2018,31,99,30,65,0,69,36,61,247,2,296,2395,598,527,7,61,0,235,2,807,0,186,227,4,58,155,505,206,423,13,6,14,7365,49.920289999999994
East Timor,TLS,2019,31,102,31,65,0,69,37,62,238,2,299,2459,601,524,7,63,0,235,2,824,0,191,233,4,58,159,516,210,431,13,6,12,7484,50.22096
Indonesia,IDN,2000,12754,13792,3970,17982,1125,8737,3474,16236,1155,387,117563,380554,65403,86128,505,7676,539,90092,114,134197,570,47437,29306,871,16685,50289,79733,70431,100417,1814,8419,11356,1379711,29.037
Indonesia,IDN,2001,12514,14247,4117,18035,1047,8620,3485,15457,1322,403,117026,394941,63486,84493,516,7714,580,89040,117,137844,461,49303,29721,884,16686,50597,80882,71724,102057,1798,8177,9866,1397160,29.939804
Indonesia,IDN,2002,12168,14788,4291,18120,1236,8400,2971,14828,1514,423,116569,410020,61581,82916,529,7792,280,88060,120,141586,982,51325,30449,897,16719,49671,82569,73119,103910,1829,8006,9598,1417266,30.842608
Indonesia,IDN,2003,11761,15328,4473,18171,1096,8150,2905,14237,1748,443,115703,424879,59795,81317,541,7830,460,86467,122,145558,1105,53388,31235,905,16727,48224,84554,74530,105740,1752,7892,9375,1436411,31.745412
Indonesia,IDN,2004,11292,15853,4669,18205,2324,7884,2917,13378,2029,463,114201,440056,58097,78930,552,7859,166020,84928,124,149842,1084,55513,31985,913,16721,45345,86617,76033,107711,1731,7800,9078,1620154,32.648216
Indonesia,IDN,2005,10825,16343,4877,18167,1692,7616,2818,12586,2355,475,112034,455437,56576,76703,561,7844,1198,83441,124,154637,308,57761,32728,913,16650,44476,88816,77582,109735,1708,7716,8217,1472919,33.55102
Indonesia,IDN,2006,10394,16797,5076,17945,3208,7379,2769,11762,2686,478,110253,469704,55316,74642,568,7788,7342,81466,124,159526,19,60342,33682,902,16422,43609,91020,78813,111360,1684,7624,7278,1497978,35.176498
Indonesia,IDN,2007,10001,17364,5285,17906,2376,7087,2669,11225,2791,467,109058,484163,54227,72361,578,7725,694,79695,124,164406,37,63071,34407,896,16285,43361,93117,79592,112629,1671,7401,5653,1508322,36.801976
Indonesia,IDN,2008,9608,17867,5476,18472,2261,7051,2600,10617,2882,474,106904,500374,53221,70046,586,7704,132,77723,126,168946,7,67098,35225,940,16862,41950,93640,80826,113979,1636,6703,3371,1525307,38.427454
Indonesia,IDN,2009,9183,18357,5649,18940,3012,6946,2540,10075,3095,479,104609,514806,51750,67620,593,7691,1497,75605,126,173532,53,70947,35997,969,17355,40737,94419,81959,115272,1632,6235,2821,1544501,40.052932
Indonesia,IDN,2010,8637,18800,5819,19607,6125,6717,2458,9342,3499,486,101631,527322,50122,64440,596,7626,1294,72855,124,177788,16,74734,36670,979,18047,39308,95050,82784,116137,1574,5814,2907,1559308,41.67841
Indonesia,IDN,2011,8169,19291,6032,20020,6096,6520,2411,8622,4032,502,97484,540490,48806,60929,599,7631,129,70271,122,183379,74,79023,37234,991,18470,38161,96427,84078,117524,1548,5502,3071,1573638,43.379782
Indonesia,IDN,2012,8085,19831,6220,20320,3871,6301,2392,8160,4512,516,92813,558106,48017,57442,606,7523,107,68494,123,188339,16,82939,37317,974,18746,38001,96052,83990,118387,1549,5684,2787,1588220,45.081154
Indonesia,IDN,2013,7915,20365,6392,20669,1480,6102,2367,7634,4852,517,89584,573039,47309,54739,611,7474,173,66978,127,193469,43,87432,37624,985,19087,37777,95674,84230,119354,1544,5799,3238,1604583,46.782526000000004
Indonesia,IDN,2014,7184,20922,6564,21152,2019,5878,2335,7012,5164,524,86953,587184,46493,51473,615,7399,243,65593,132,198139,32,91872,37822,990,19577,37338,95111,84378,120212,1528,5910,3290,1621038,48.483898
Indonesia,IDN,2015,6946,21485,6737,21526,979,5630,2311,6520,5316,542,83909,603096,46032,48419,617,7410,54,64578,136,202962,34,95843,38126,975,19855,36868,96559,83201,119335,1529,5912,3496,1636938,50.18527
Indonesia,IDN,2016,6469,22082,6970,21104,1077,5393,2296,6132,5340,549,82533,614602,45232,45203,626,7454,270,63106,135,209282,41,99125,39406,964,19428,36866,97605,84434,120717,1483,5825,3764,1655513,52.198930000000004
Indonesia,IDN,2017,5401,22729,7168,20946,1287,5251,2288,5826,5290,563,80770,626883,44727,43040,636,7538,99,62584,133,215810,16,101261,40286,954,19248,36958,98705,86215,123121,1472,5763,3891,1676859,54.21259
Indonesia,IDN,2018,5030,23591,7393,20607,725,5153,2274,5508,5415,576,78494,639224,44453,40175,646,7589,5494,60886,133,222732,94,103844,41234,948,18906,37046,99795,87438,124701,1486,5656,1604,1698850,55.047259999999994
Indonesia,IDN,2019,4715,24381,7616,20348,637,5011,2261,5264,5603,589,76549,651481,44317,38125,653,7658,621,59589,132,229524,57,106333,42131,940,18641,37004,100930,88670,126348,1455,5560,713,1713856,55.88193
Laos,LAO,2000,577,275,93,701,390,715,755,780,45,13,4516,9604,8070,6188,85,445,15,3537,16,3460,8,1044,1279,61,661,1242,2646,974,2205,127,156,1331,52014,24.75208
Laos,LAO,2001,552,283,95,664,209,710,766,759,68,13,4465,9917,7766,6029,80,446,0,3224,16,3495,0,1063,1303,60,623,1260,2624,974,2191,125,133,1258,51171,26.374222
Laos,LAO,2002,543,292,96,625,204,704,765,713,99,13,4306,10056,7489,5851,75,438,2,2994,16,3498,4,1068,1311,59,584,1255,2581,966,2157,123,112,889,49888,27.996364
Laos,LAO,2003,524,302,98,576,207,684,766,667,136,12,4154,10236,7124,5637,72,434,0,2760,16,3516,15,1082,1327,58,536,1251,2554,963,2137,119,96,808,48867,29.618505999999996
Laos,LAO,2004,499,313,99,526,193,657,765,626,177,12,3984,10387,6719,5415,69,431,0,2561,15,3538,4,1097,1340,56,488,1242,2526,965,2124,115,85,804,47832,31.240647999999997
Laos,LAO,2005,475,325,101,485,163,633,772,595,217,13,3834,10575,6343,5224,68,432,0,2409,15,3583,0,1121,1361,54,448,1238,2512,976,2131,111,78,822,47114,32.86279
Laos,LAO,2006,450,335,103,446,198,603,771,563,252,13,3668,10732,5970,5042,67,431,0,2265,15,3630,73,1139,1377,52,410,1232,2498,988,2142,107,73,871,46516,34.347058
Laos,LAO,2007,423,346,105,407,197,570,769,532,289,13,3468,10846,5581,4848,66,430,0,2111,14,3679,0,1156,1392,50,373,1219,2476,1001,2150,103,68,971,45653,35.831326
Laos,LAO,2008,423,358,107,392,183,580,771,506,325,13,3308,10993,5451,4685,66,431,6,2075,14,3761,0,1178,1414,51,358,1235,2481,1023,2177,104,65,261,44795,37.315594
Laos,LAO,2009,375,371,109,363,141,562,774,479,354,14,3123,11104,5143,4493,65,430,26,1972,14,3821,0,1193,1423,49,331,1226,2467,1042,2194,102,62,182,44004,38.799862
Laos,LAO,2010,349,385,112,334,177,535,770,449,389,14,2941,11205,4823,4287,65,425,0,1855,13,3876,0,1210,1430,47,303,1201,2452,1057,2202,98,58,195,43257,40.28413
Laos,LAO,2011,325,398,114,307,126,501,754,425,428,14,2777,11281,4538,4102,64,420,48,1748,13,3934,0,1227,1441,45,278,1177,2438,1072,2211,94,55,235,42590,41.716344
Laos,LAO,2012,305,411,117,286,275,485,750,396,454,14,2636,11418,4316,3925,64,415,0,1659,13,4008,11,1250,1454,44,258,1152,2435,1088,2222,91,51,73,42076,43.148558
Laos,LAO,2013,240,426,120,268,170,467,749,383,463,14,2535,11624,4098,3776,64,420,23,1573,12,4111,0,1281,1481,43,241,1150,2444,1111,2248,90,49,110,41784,44.580771999999996
Laos,LAO,2014,221,443,124,251,158,452,587,373,461,15,2452,11845,3909,3613,65,428,0,1485,12,4229,0,1318,1512,32,225,1154,2461,1139,2283,88,47,122,41504,46.012986
Laos,LAO,2015,207,460,129,238,75,444,590,361,451,15,2376,12123,3786,3477,66,434,4,1415,12,4365,0,1362,1549,32,213,1130,2493,1167,2320,88,45,66,41493,47.4452
Laos,LAO,2016,194,477,133,226,21,431,586,351,438,16,2296,12390,3657,3365,67,440,5,1334,12,4499,5,1406,1587,32,201,1129,2520,1194,2355,86,43,87,41583,49.328469999999996
Laos,LAO,2017,180,495,138,213,22,412,576,339,420,16,2211,12709,3520,3248,68,442,0,1271,12,4637,1,1444,1619,31,189,1118,2555,1229,2406,84,41,205,41851,51.21174
Laos,LAO,2018,171,512,144,206,24,403,569,327,396,16,2144,13096,3446,3141,69,439,136,1192,12,4804,0,1496,1664,30,182,1111,2606,1250,2432,84,39,145,42286,51.32897
Laos,LAO,2019,162,529,151,201,23,389,560,315,374,17,2093,13523,3392,3043,70,430,16,1117,12,4975,0,1553,1712,30,176,1096,2663,1273,2464,82,37,153,42631,51.4462
Malaysia,MYS,2000,397,1761,404,172,60,709,560,356,1855,70,2367,35668,6634,1864,167,1211,17,889,12,15811,5,3337,3390,192,163,5672,6627,2895,6143,230,202,593,100433,51.9628
Malaysia,MYS,2001,377,1824,428,173,58,672,591,324,2034,69,2337,36440,6873,1600,156,1193,10,930,12,16144,3,3399,3457,190,164,5536,6770,2925,6311,225,204,556,101985,54.377336
Malaysia,MYS,2002,330,1874,454,178,61,671,619,307,2125,69,2252,37539,7253,1539,147,1202,22,942,13,16690,0,3487,3549,187,169,5549,6790,2977,6519,225,207,490,104436,56.791872000000005
Malaysia,MYS,2003,329,1909,468,176,35,713,649,300,2096,73,2240,38426,7641,1528,147,1269,13,901,13,17388,9,3563,3615,192,167,5859,6700,3054,6630,233,218,425,106979,59.206408
Malaysia,MYS,2004,321,1955,472,169,35,711,668,288,2033,74,2157,38263,7924,1510,144,1281,100,894,15,17720,0,3478,3594,190,160,5887,6399,3080,6642,235,222,351,106972,61.62094400000001
Malaysia,MYS,2005,316,2017,490,170,33,711,683,279,1996,75,2100,38697,8491,1495,141,1278,12,921,14,18170,2,3382,3609,186,162,5893,6190,3105,6721,237,221,124,107921,64.03548
Malaysia,MYS,2006,298,2093,516,170,26,704,689,269,1984,77,2044,39486,9249,1371,140,1273,15,936,14,18801,2,3260,3653,180,162,5938,6037,3159,6835,238,221,61,109901,64.98318400000001
Malaysia,MYS,2007,289,2163,538,172,24,708,694,264,1992,79,2012,40129,10193,1403,140,1266,48,952,13,19362,2,3094,3713,176,164,6003,5862,3210,6929,239,218,57,112108,65.93088800000001
Malaysia,MYS,2008,291,2253,576,179,29,736,705,268,2001,85,2074,42076,11733,1494,145,1316,7,988,13,20346,0,3020,3900,182,171,6329,5865,3342,7179,249,217,60,117829,66.878592
Malaysia,MYS,2009,295,2335,612,187,18,773,714,272,2018,90,2095,43692,13433,1590,148,1353,6,1044,12,21279,1,2921,4116,188,180,6653,5815,3475,7443,261,212,71,123302,67.826296
Malaysia,MYS,2010,272,2354,635,184,13,738,706,257,2145,92,2007,43711,14516,1342,149,1347,4,1188,12,21545,1,2750,4269,186,177,6638,5686,3587,7839,262,199,97,124908,68.774
Malaysia,MYS,2011,267,2412,665,183,5,731,690,254,2358,94,1958,44186,15740,1363,149,1365,28,1268,12,22087,0,2643,4403,182,176,6688,5632,3690,8092,264,188,94,127867,69.983406
Malaysia,MYS,2012,270,2558,686,187,5,734,674,247,2526,97,1902,44765,17016,1443,149,1386,6,1152,12,22922,3,2594,4451,181,180,6703,5479,3700,7846,265,183,93,130415,71.192812
Malaysia,MYS,2013,254,2672,678,182,8,686,645,231,2611,96,1809,44025,17305,1281,148,1373,5,1095,11,23242,72,2516,4424,174,175,6422,5246,3691,7657,255,177,84,129250,72.40221799999999
Malaysia,MYS,2014,268,2808,728,191,7,723,633,246,2622,102,1859,46359,18556,1485,153,1447,19,1132,12,24611,1,2654,4691,180,184,6668,5518,3883,8015,267,181,87,136290,73.61162399999999
Malaysia,MYS,2015,282,2951,768,200,5,752,619,249,2516,108,1871,48228,19232,1651,157,1510,25,1169,12,25722,3,2820,4895,185,193,6840,5799,4033,8319,276,185,92,141667,74.82103
Malaysia,MYS,2016,279,3134,840,211,3,753,612,246,2340,116,1918,51106,20107,1433,162,1596,0,1220,12,27133,6,3051,5225,191,204,7075,6259,4240,8807,285,190,80,148834,76.11686
Malaysia,MYS,2017,282,3289,889,221,5,754,598,254,1939,122,1927,53286,20555,1428,167,1661,9,1268,13,28348,1,3250,5476,196,213,7227,6603,4419,9205,316,194,75,154190,77.41269
Malaysia,MYS,2018,284,3468,936,227,5,755,586,255,1596,129,1928,55363,20867,1380,171,1712,2,1298,13,29603,0,3467,5719,199,218,7314,6926,4573,9536,298,197,70,159095,77.57197500000001
Malaysia,MYS,2019,291,3667,1019,239,5,774,577,255,1521,138,1992,58824,21711,1319,176,1803,1,1361,13,31294,0,3779,6105,206,230,7592,7473,4783,10072,311,202,65,167798,77.73126
Myanmar,MMR,2000,5973,3400,993,3635,3614,6092,1021,2370,8147,174,36549,115303,46011,33735,536,2836,0,28569,19,39773,671,15950,9014,1961,3344,11838,42839,16823,24736,465,792,10356,477539,25.22501
Myanmar,MMR,2001,5609,3552,1037,3454,5018,5979,964,2361,9623,175,35974,117017,44470,32750,502,2730,51,25507,19,39995,339,16227,9294,1922,3162,10934,42688,17228,24953,461,744,10272,475011,26.622406
Myanmar,MMR,2002,5312,3710,1081,3259,5958,5787,869,2326,11135,175,35088,118215,42960,31888,476,2662,21,22957,18,40432,547,16512,9537,1872,2969,10360,42636,17568,25174,452,672,10138,472766,28.019802000000002
Myanmar,MMR,2003,5087,3874,1126,3075,7237,5622,846,2278,12612,175,34023,119109,41620,31040,455,2598,0,20910,18,41011,265,16818,9777,1840,2790,9928,42609,17817,25336,445,597,8520,469458,29.417198
Myanmar,MMR,2004,4938,4043,1175,2930,6695,5579,824,2188,13985,178,33038,120470,40506,30201,446,2588,307,19266,18,41875,178,17194,10051,1841,2647,9769,42812,18225,25716,475,546,6011,466715,30.814594
Myanmar,MMR,2005,4682,4214,1213,2752,7529,5368,924,2059,15201,178,31264,120240,38815,29324,432,2529,17,17504,18,42297,358,17338,10144,1784,2476,9439,42534,18389,25717,435,503,4782,460459,32.21199
Myanmar,MMR,2006,4352,4400,1257,2577,8428,5103,806,2069,16092,180,29404,120544,36783,28352,423,2475,59,16136,18,42947,450,17647,10295,1692,2307,9117,42453,18594,25763,418,473,4618,456232,34.689878
Myanmar,MMR,2007,3980,4575,1288,2392,10692,4724,830,2003,16572,181,27316,119798,34462,27311,411,2386,5,14777,17,43153,664,17779,10322,1564,2130,8690,42010,18604,25540,394,440,4790,449800,37.167766
Myanmar,MMR,2008,3746,4736,1315,2251,13470,4488,766,1947,16645,181,25482,119276,32690,26259,399,2291,138366,13729,17,43258,114,17904,10321,1492,1996,8254,41626,18505,25212,378,409,2492,580015,39.645654
Myanmar,MMR,2009,3513,4901,1344,2123,11914,4278,767,1911,16474,186,23981,119782,31004,25192,394,2258,24,12644,16,43614,267,18131,10376,1424,1874,8034,41529,18571,25082,365,387,2202,434562,42.123542
Myanmar,MMR,2010,3244,5072,1370,1990,11433,4072,762,1854,16109,187,22379,119762,29136,24076,387,2202,113,11585,16,43756,220,18278,10307,1334,1748,7732,41273,18569,24865,348,363,2076,426618,44.60143
Myanmar,MMR,2011,3039,5255,1401,1887,8812,3895,758,1861,15418,189,21143,121071,27715,23015,386,2178,225,10783,16,44331,865,18591,10328,1279,1651,7592,41466,18763,24922,336,346,1905,421422,46.360144
Myanmar,MMR,2012,2633,5436,1431,1784,9453,3641,877,1780,14354,188,19735,121857,26232,22000,380,2109,40,9947,15,44636,994,18832,10251,1200,1554,7264,41504,18723,24704,320,324,1746,415944,48.118858
Myanmar,MMR,2013,2517,5622,1465,1707,5795,3598,806,1842,13067,193,18739,124067,25305,21086,381,2115,23,9287,15,45665,396,19336,10383,1185,1482,6995,41818,18968,24850,329,311,1444,410792,49.877572
Myanmar,MMR,2014,2395,5830,1503,1637,2889,3450,771,1852,11593,197,17737,125861,24448,20202,381,2111,0,8704,15,46697,315,19844,10475,1165,1418,6937,42173,19177,24971,312,299,1239,406598,51.636286000000005
Myanmar,MMR,2015,2242,6010,1545,1567,1919,3378,773,1847,9950,199,16811,127955,23602,19388,382,2100,213,8111,15,47791,724,20443,10599,1119,1353,7086,42535,19287,24983,304,287,1266,405784,53.395
Myanmar,MMR,2016,1744,6200,1588,1516,975,3344,808,1845,8294,203,16099,130207,22924,18722,383,2116,97,7740,15,49178,269,21127,10759,1116,1307,7136,43114,19419,25080,303,278,450,404356,53.72934
Myanmar,MMR,2017,1500,6398,1631,1463,216,3261,756,1788,6772,207,15477,133165,22385,17706,385,2028,3,7441,15,50128,2569,21585,11092,1099,1258,6483,43004,19982,25593,314,270,371,406345,54.06368
Myanmar,MMR,2018,1337,6597,1680,1422,271,3162,711,1726,5605,212,14893,135906,21881,16755,387,1943,67,7005,15,51238,145,22085,11436,1071,1219,5706,42820,20371,25910,293,260,557,404686,56.898385
Myanmar,MMR,2019,1246,6784,1726,1386,294,3052,704,1653,4773,214,14313,138139,21453,16065,388,1956,115,6700,14,52674,617,22619,11554,1008,1185,5739,43284,20361,25895,287,251,641,407090,59.73309
Philippines,PHL,2000,3450,5596,1219,4230,194,4897,16290,1988,2546,226,27934,95581,38980,30335,1080,2902,747,14942,138,47488,2051,14351,13445,213,3796,8100,22766,9249,20688,855,592,1502,398371,36.31266
Philippines,PHL,2001,3447,5668,1252,4216,155,4837,16273,2037,2852,222,27637,106850,39868,30966,1012,2950,630,14095,138,47959,1333,14779,13929,213,3767,8282,23096,9375,20763,935,445,1775,411756,36.731442
Philippines,PHL,2002,3394,5752,1296,4137,242,4706,16065,2036,3200,213,27453,117398,40752,31304,965,2963,320,13290,138,48516,887,15143,14482,210,3677,8451,23529,9534,20898,860,336,2435,424582,37.150224
Philippines,PHL,2003,3284,5811,1301,3958,347,4583,15824,2019,3601,203,27064,122881,40823,31443,928,2966,222,12482,137,48567,1407,15194,14979,204,3503,8438,23513,9661,20906,885,260,3934,431328,37.569006
Philippines,PHL,2004,3054,5940,1326,3674,349,4353,15584,2051,4063,198,27102,129074,40386,31176,910,3012,2046,11293,137,49006,676,15419,15817,193,3223,8469,23628,9827,21002,830,210,8843,442871,37.987788
Philippines,PHL,2005,3226,6142,1401,3855,422,4613,15519,2066,4610,196,28208,137238,43389,31308,906,3084,39,11632,142,50595,536,16028,17230,205,3381,8783,24765,10105,21531,863,185,3841,456044,38.40657
Philippines,PHL,2006,3189,6348,1463,3845,525,4683,15290,2040,5678,193,29642,142313,45013,31148,897,3114,3689,11519,148,51598,459,16256,18744,206,3358,8903,25594,10306,21947,894,165,3275,472442,40.31667
Philippines,PHL,2007,3152,6560,1506,3764,591,4673,14950,2019,5667,192,29346,145342,46110,30781,888,3165,209,11181,144,52671,598,16572,19970,203,3273,8988,26018,10490,22154,872,152,3690,475891,42.22677
Philippines,PHL,2008,3209,6842,1587,3811,422,4811,14737,2043,5613,198,28876,151552,48349,30474,901,3299,1174,10991,144,54937,786,17393,21595,206,3300,9283,27004,10923,22788,893,145,2947,491233,44.13687
Philippines,PHL,2009,3210,7093,1652,3790,395,4832,14672,2048,5516,200,29488,157518,50039,30010,912,3406,2297,10882,150,56646,1155,18103,23001,201,3265,9509,27871,11188,23143,906,141,3556,506795,46.04697
Philippines,PHL,2010,2928,7370,1708,3715,341,4729,14516,2023,5192,204,28991,161854,50966,29345,923,3489,359,10349,156,58356,527,18771,24162,194,3176,9653,28388,11456,23406,917,138,5818,514120,47.95707
Philippines,PHL,2011,2846,7671,1780,3734,140,4751,14375,1986,5499,210,28750,166853,52563,29133,937,3577,2597,10136,159,60414,510,19572,25305,191,3172,9826,29112,11735,23790,920,137,5592,527973,49.847
Philippines,PHL,2012,2902,7991,1873,3871,92,4889,14218,1970,5373,221,28135,172643,54519,28607,955,3683,2773,10035,165,63191,516,20767,26596,192,3270,10096,29877,12081,24332,953,139,2634,539559,51.73693
Philippines,PHL,2013,2726,8322,1955,3912,89,4885,14091,1973,5298,234,27641,177293,55412,28146,972,3786,14246,9590,171,65965,969,22048,27959,192,3285,10296,30228,12407,24768,949,139,2424,562371,53.62686
Philippines,PHL,2014,2654,8611,2031,3938,23,4886,14268,1950,5241,248,28665,182449,56230,27530,1000,3946,384,9456,180,68477,485,23285,29284,192,3294,10582,30755,12675,25245,965,140,2345,561414,55.51679
Philippines,PHL,2015,2844,8939,2133,3994,46,4943,14694,1976,5705,265,30132,189416,58162,27006,1032,4138,288,9407,191,71673,1057,24690,30839,194,3340,10515,31541,13015,25882,991,141,1273,580462,57.40672
Philippines,PHL,2016,2496,9299,2213,3886,18,5006,15184,1953,5434,278,30722,193603,58298,26639,1054,4258,87,9272,194,74132,753,25551,31698,196,3252,10669,32232,13333,26487,1008,142,1391,590738,58.757999999999996
Philippines,PHL,2017,2371,9691,2277,3800,41,4957,15521,1946,5363,295,30527,197124,58702,26106,1071,4393,233,9078,194,76389,2089,26238,32242,195,3178,10828,32555,13662,27035,1048,142,2176,601467,60.10928
Philippines,PHL,2018,2176,10056,2350,3681,34,4845,15425,1898,5292,311,29776,200391,58304,24599,1088,4491,313,8639,192,78774,519,26962,32766,193,3072,10893,32827,13949,27430,1003,139,2703,605091,59.99415
Philippines,PHL,2019,2056,10473,2429,3611,46,4792,15570,1859,5222,325,29181,204311,58413,23673,1105,4569,8,8392,192,81321,419,27680,33358,191,3011,10945,33229,14287,27945,1004,137,2588,612342,59.87902
Singapore,SGP,2000,17,478,95,1,0,25,66,7,60,5,101,5370,1585,54,7,476,0,18,2,4142,0,378,257,5,0,240,689,180,387,11,1,0,14657,63.87043
Singapore,SGP,2001,15,500,98,1,0,24,55,4,75,5,94,5320,1600,45,7,475,0,17,2,4202,0,409,267,5,0,233,663,177,383,11,1,0,14688,65.124552
Singapore,SGP,2002,13,519,103,1,0,22,51,4,68,5,88,5313,1726,43,8,474,0,16,2,4257,0,416,275,4,0,226,646,177,391,11,1,0,14860,66.378674
Singapore,SGP,2003,11,540,108,1,0,22,50,4,52,6,84,5324,1830,37,8,454,0,16,2,4259,0,417,286,4,0,214,629,174,393,10,1,0,14936,67.632796
Singapore,SGP,2004,11,561,114,1,0,21,39,3,40,7,81,5344,1908,36,8,450,0,16,2,4351,0,435,306,4,0,207,619,174,399,10,1,0,15148,68.88691800000001
Singapore,SGP,2005,10,586,114,1,0,21,34,4,38,8,75,5178,1917,37,8,436,0,16,2,4329,0,417,309,4,0,199,602,172,394,10,1,0,14922,70.14104
Singapore,SGP,2006,9,621,120,1,0,22,31,4,37,9,76,5236,1967,39,8,444,0,17,2,4468,0,409,336,4,0,203,592,176,403,11,1,0,15246,72.420816
Singapore,SGP,2007,9,657,127,1,0,23,33,4,51,10,75,5361,2051,39,9,453,0,17,2,4669,0,392,369,4,1,213,588,184,416,11,1,0,15770,74.700592
Singapore,SGP,2008,9,698,134,1,0,23,36,3,44,10,71,5476,2136,41,10,472,0,18,2,4897,0,351,402,4,1,223,588,192,430,11,1,0,16284,76.980368
Singapore,SGP,2009,8,737,140,1,0,23,30,2,47,10,68,5465,2214,41,10,471,0,19,2,5040,0,293,431,4,1,220,581,194,435,11,1,0,16499,79.260144
Singapore,SGP,2010,7,781,148,1,0,22,33,2,38,11,65,5523,2319,40,10,465,0,21,2,5220,0,250,468,4,1,210,587,201,450,11,1,0,16891,81.53992
Singapore,SGP,2011,7,833,155,1,0,21,29,3,22,12,62,5536,2412,43,10,464,0,23,2,5401,0,224,507,3,1,206,585,208,461,11,1,0,17243,82.540326
Singapore,SGP,2012,6,902,165,1,0,21,22,2,43,13,60,5674,2550,42,11,476,0,24,2,5651,0,185,565,3,1,205,596,214,477,12,1,0,17924,83.54073199999999
Singapore,SGP,2013,5,980,174,1,0,20,22,1,49,13,57,5746,2687,38,11,470,0,27,2,5792,0,166,602,3,1,198,599,219,490,12,2,0,18387,84.541138
Singapore,SGP,2014,5,1063,185,1,0,18,22,2,52,14,56,5855,2814,36,12,464,0,29,2,5929,0,155,631,3,1,192,610,225,505,12,1,0,18894,85.541544
Singapore,SGP,2015,5,1141,193,1,0,19,22,2,36,15,53,5963,2929,35,12,460,0,31,2,6073,0,148,663,3,1,186,621,230,517,12,1,0,19374,86.54195
Singapore,SGP,2016,5,1217,204,1,0,19,25,2,32,15,52,6089,3045,35,12,459,0,33,2,6232,0,147,692,3,1,180,637,235,532,12,1,0,19919,87.0726
Singapore,SGP,2017,4,1293,213,2,0,17,26,1,37,15,51,6225,3166,33,12,445,0,34,2,6378,0,149,717,3,1,172,657,237,544,12,1,0,20447,87.60325
Singapore,SGP,2018,5,1383,226,2,0,17,24,2,36,15,55,6534,3331,31,13,452,0,35,2,6697,0,166,734,3,1,170,709,245,569,12,1,0,21470,87.74953
Singapore,SGP,2019,5,1477,237,2,0,17,25,2,36,16,58,6810,3471,30,13,464,0,36,2,7001,0,179,758,3,1,168,750,253,592,13,1,0,22420,87.89581
Thailand,THA,2000,1444,8285,1845,1144,318,6403,9401,917,34113,547,11451,84185,11028,5814,918,10272,109,5311,38,72636,15,12621,14773,339,993,28444,23901,12796,20872,673,275,243,382124,43.18711
Thailand,THA,2001,1504,8522,1768,964,233,6431,8890,834,35471,536,10385,79669,11110,5455,821,9696,222,5123,36,70081,36,11567,14416,328,841,27049,22171,12618,20463,666,246,217,368369,46.38342
Thailand,THA,2002,1608,8930,1837,885,182,6619,8626,830,35798,542,9795,81240,11845,5122,783,9636,190,5088,37,72423,39,11544,15067,331,773,27091,22192,13145,21213,688,234,199,374532,49.57973
Thailand,THA,2003,1652,9292,1874,807,187,6444,8366,772,34901,530,9140,81296,12311,4828,750,9344,9,5012,37,74255,32,11274,15441,326,705,26355,22028,13548,21760,694,217,191,374378,52.77604
Thailand,THA,2004,1472,9838,2046,801,135,5879,7323,636,33089,486,8991,83785,12950,4591,702,8427,8375,5046,39,75922,342,11601,15579,290,711,24510,22314,13604,22063,651,246,190,382634,55.972350000000006
Thailand,THA,2005,1337,10357,2184,787,155,5557,6608,523,29303,448,8706,85153,13487,4313,667,7633,68,5054,41,77591,624,11679,15604,261,707,22708,22383,13627,22269,613,276,186,370909,59.16866
Thailand,THA,2006,1270,10847,2288,769,146,5500,6249,519,23476,425,8615,85479,14397,4105,651,7488,298,5089,39,79434,735,11904,16305,250,696,21594,22180,14125,23046,622,263,183,368987,60.871218
Thailand,THA,2007,1231,11384,2404,758,170,5473,6019,519,19395,401,8493,86180,15463,3976,641,7409,53,5132,39,81637,782,12113,17032,242,689,20880,22047,14607,23855,635,261,180,370100,62.573776
Thailand,THA,2008,1176,11944,2519,750,135,5391,5662,493,17638,373,8320,86876,16554,3726,630,7256,39,5145,38,83758,496,12305,17752,232,685,20629,21937,15017,24597,641,259,179,373152,64.276334
Thailand,THA,2009,1125,12485,2605,738,124,5290,5266,459,16590,347,8112,86890,17524,3339,616,7039,18,5128,37,85440,530,12370,18294,219,676,20110,21705,15293,25136,706,257,184,374652,65.978892
Thailand,THA,2010,1102,13132,2752,745,131,5255,5154,438,16261,341,8137,89053,18926,2959,619,7029,297,5190,37,88792,515,12761,19223,213,684,20167,21913,15863,26117,652,258,188,384904,67.68145
Thailand,THA,2011,1068,13732,2823,734,99,5146,5100,409,16044,339,8009,89282,20005,2764,616,6924,796,5214,36,91007,579,13018,19926,205,675,19972,21719,16249,26774,651,255,180,390350,69.28125
Thailand,THA,2012,1049,14401,2891,740,70,5009,5127,398,16875,341,7828,89655,21162,2679,614,6845,141,5251,37,92723,527,13451,20412,199,682,19786,21176,16649,27296,652,246,167,395079,70.88105
Thailand,THA,2013,1012,15192,2995,765,81,4819,5050,364,19269,340,7641,90755,22577,2468,606,6650,85,5322,37,93810,547,14081,20993,191,708,19174,20618,16968,27722,682,233,160,401915,72.48084999999999
Thailand,THA,2014,1016,16083,3145,794,68,4654,4164,352,20839,349,7552,93587,24439,2385,611,6689,33,5478,102,96260,281,15059,21975,151,739,19246,20590,17545,28538,647,220,161,413752,74.08064999999999
Thailand,THA,2015,1021,17050,3321,824,7,4613,4167,322,21103,368,7506,96931,26340,2302,615,6806,4,5664,42,99068,174,16137,23039,153,772,19379,20642,18077,29328,657,200,159,426791,75.68045
Thailand,THA,2016,1048,18144,3543,865,6,4744,4164,316,20543,398,7615,102483,28256,2292,629,7025,33,5849,58,103557,174,17385,24491,157,816,19839,21412,18827,30538,693,203,117,446220,78.20264499999999
Thailand,THA,2017,1038,19228,3714,909,2,4643,4118,297,19544,425,7658,106585,29292,1988,631,7090,150,6014,44,107299,115,18017,25365,156,856,19726,22241,19105,31254,676,198,105,458483,80.72484
Thailand,THA,2018,1040,20380,3912,953,2,4587,4097,288,18405,459,7731,111404,30336,1820,631,7149,0,6110,44,111493,236,18847,26453,156,897,19589,23139,19343,31943,683,195,104,472426,81.41733500000001
Thailand,THA,2019,1037,21553,4082,992,1,4519,4035,282,17215,486,7775,115830,31037,1692,634,7107,7,6211,44,115544,60,19570,27446,155,934,19541,23925,19603,32635,687,193,104,484936,82.10983
Vietnam,VNM,2000,1297,9640,2162,1548,1312,6882,1726,407,3767,501,25011,149561,18914,16129,531,5851,592,3978,109,57718,0,14081,10580,1238,239,15075,27861,16378,23472,548,1028,5194,423330,36.98556
Vietnam,VNM,2001,1264,9990,2250,1518,1260,6801,1731,397,4432,522,24982,154546,19050,15208,552,5951,392,3651,107,59562,7,14569,10650,1228,220,15764,28451,16165,23105,548,995,4934,430802,38.396498
Vietnam,VNM,2002,1241,10369,2348,1503,973,6738,1710,389,5147,542,24902,159809,19300,14485,576,6075,147,3371,103,61556,0,15091,10764,1209,206,16622,29050,15954,22756,608,966,4608,439118,39.807436
Vietnam,VNM,2003,1266,10783,2462,1514,906,6903,1678,384,5900,566,24676,165575,19832,13953,601,6220,128,3195,101,63881,29,15690,10939,1201,201,17618,29728,15807,22524,557,948,3075,448841,41.218374
Vietnam,VNM,2004,1289,11232,2584,1522,638,7021,1633,381,6657,590,24434,171797,20369,13505,627,6367,189,3033,98,66406,0,16298,11108,1193,196,18671,30369,15658,22290,565,933,1659,459312,42.629312
Vietnam,VNM,2005,1278,11708,2712,1512,523,6970,1584,375,7382,609,24159,177831,20693,13119,651,6497,308,2854,95,68914,6,16915,11263,1176,189,19666,30926,15495,22025,566,912,1358,470271,44.04025
Vietnam,VNM,2006,1246,12200,2843,1490,674,6794,1579,367,7891,620,24034,183787,20893,12807,669,6573,579,2699,92,71515,5,17533,11508,1146,181,20379,31408,15323,21770,562,886,1281,481334,47.030366
Vietnam,VNM,2007,1214,12698,2980,1472,453,6533,1610,362,7901,645,23863,190399,21139,12619,696,6706,326,2545,90,74528,5,18243,11892,1132,174,22260,31736,15394,21788,560,863,1447,494273,50.020482
Vietnam,VNM,2008,1184,13204,3116,1448,338,6325,1651,359,7451,675,23549,196640,21416,12400,722,6826,406,2401,88,77482,0,18952,12345,1120,168,24657,31974,15583,21948,556,837,1401,507222,53.010598
Vietnam,VNM,2009,1155,13732,3243,1418,432,6157,1612,356,6728,708,23371,202621,21607,12185,743,6969,360,2279,87,80447,2,19625,12926,1108,161,25436,32102,16044,22443,557,815,1282,518711,56.000714
Vietnam,VNM,2010,1027,14283,3362,1379,398,6101,1589,347,6848,740,23104,207097,21740,11801,762,7051,221,2164,86,83110,2,20263,13517,1097,154,25950,32201,16562,23012,561,790,805,528124,58.99083
Vietnam,VNM,2011,987,14875,3484,1334,299,6051,1563,334,7583,777,22746,211557,21788,11345,782,7141,138,2062,86,85955,2,21179,14284,1096,146,26173,32596,17182,23715,563,769,529,539121,60.838494000000004
Vietnam,VNM,2012,954,15479,3604,1280,298,6085,1574,321,7686,824,22296,215500,21788,10735,808,7273,72,1970,85,88853,4,22128,15118,1100,138,26227,33006,17903,24543,570,749,381,549352,62.686158000000006
Vietnam,VNM,2013,987,16048,3710,1221,217,6076,1582,311,7502,880,21816,219272,21982,10066,839,7442,215,1888,85,91901,10,23104,16026,1113,129,25443,33414,18747,25506,575,735,480,559322,64.533822
Vietnam,VNM,2014,890,16671,3818,1158,176,6135,1333,300,7333,933,21401,222872,21646,9475,869,7621,38,1846,85,95150,4,24185,16987,908,121,25386,33943,19661,26579,585,728,562,569399,66.38148600000001
Vietnam,VNM,2015,870,17223,3902,1093,84,6222,1335,286,7271,983,20803,225569,21572,8848,897,7744,52,1806,85,98218,6,25168,17872,918,113,25154,34289,20464,27510,592,719,149,577817,68.22915
Vietnam,VNM,2016,839,17827,3998,1029,45,6235,1328,271,7049,1038,20233,228957,21492,8216,928,7878,162,1774,84,101684,4,26317,18835,925,106,24911,34806,21346,28557,611,711,137,588333,69.22421
Vietnam,VNM,2017,809,18405,4084,966,68,6206,1309,256,6761,1088,19653,232646,21460,7583,955,7997,284,1759,83,105181,8,27285,19713,930,99,24648,35312,22272,29680,601,703,131,598935,70.21927
Vietnam,VNM,2018,778,18959,4177,960,61,6167,1289,244,6499,1136,19129,236471,21408,6978,979,8072,134,1712,83,108902,3,28358,20621,933,97,24401,35785,22975,30515,618,688,159,609291,69.840865
Vietnam,VNM,2019,747,19460,4259,954,59,6098,1267,234,6399,1176,18681,240161,21345,6468,1000,8114,5,1672,82,112564,0,29391,21485,935,95,24153,36229,23637,31306,608,674,212,619470,69.46246
