Entity,Year,Cardiovascular fatalities,Chronic kidney fatalities,Chronic liver fatalities,Chronic respiratory fatalities,Dementia fatalities,Diabetes fatalities,Diarrheal disease fatalities,Digestive disease fatalities,Forces of nature fatalities,HIV/AIDS fatalities,Interpersonal violence fatalities,Lower respiratory fatalities,Malaria fatalities,Measles fatalities,Neonatal disorder fatalities,Neoplasm fatalities,Nutritional deficiency fatalities,Parkinsons fatalities,Road injury fatalities,Self harm fatalities,Tuberculosis fatalities
Brunei,2000,326.0,32.0,20.0,75.0,0.0,101.0,0.0,39.0,0.0,0.0,0.0,33.0,0.0,0.0,24.0,241.0,0.0,0.0,59.0,0.0,0.0
Brunei,2001,326.0,33.0,20.0,73.0,0.0,103.0,0.0,38.0,0.0,0.0,0.0,33.0,0.0,0.0,24.0,246.0,0.0,0.0,57.0,0.0,0.0
Brunei,2002,336.0,34.0,20.0,75.0,0.0,108.0,0.0,38.0,0.0,0.0,0.0,36.0,0.0,0.0,25.0,257.0,0.0,0.0,56.0,0.0,0.0
Brunei,2003,349.0,37.0,20.0,76.0,0.0,115.0,0.0,39.0,0.0,0.0,0.0,38.0,0.0,0.0,26.0,273.0,0.0,0.0,56.0,0.0,0.0
Brunei,2004,355.0,39.0,20.0,76.0,0.0,120.0,0.0,39.0,0.0,0.0,0.0,41.0,0.0,0.0,25.0,287.0,0.0,0.0,56.0,0.0,0.0
Brunei,2005,361.0,41.0,21.0,75.0,0.0,125.0,0.0,40.0,0.0,0.0,0.0,43.0,0.0,0.0,24.0,299.0,0.0,0.0,55.0,0.0,0.0
Brunei,2006,364.0,43.0,21.0,74.0,0.0,128.0,0.0,40.0,0.0,0.0,0.0,45.0,0.0,0.0,23.0,310.0,0.0,0.0,54.0,0.0,0.0
Brunei,2007,360.0,45.0,21.0,72.0,0.0,129.0,0.0,41.0,0.0,0.0,0.0,46.0,0.0,0.0,23.0,320.0,0.0,0.0,54.0,0.0,0.0
Brunei,2008,358.0,46.0,21.0,72.0,0.0,128.0,0.0,41.0,0.0,0.0,0.0,48.0,0.0,0.0,22.0,329.0,0.0,0.0,52.0,0.0,0.0
Brunei,2009,368.0,49.0,22.0,73.0,0.0,131.0,0.0,42.0,0.0,0.0,0.0,51.0,0.0,0.0,22.0,345.0,0.0,0.0,51.0,0.0,0.0
Brunei,2010,377.0,52.0,23.0,74.0,0.0,136.0,0.0,44.0,0.0,0.0,0.0,55.0,0.0,0.0,23.0,363.0,0.0,0.0,52.0,0.0,0.0
Brunei,2011,383.0,54.0,23.0,74.0,0.0,138.0,0.0,45.0,0.0,0.0,0.0,59.0,0.0,0.0,24.0,377.0,0.0,0.0,53.0,0.0,0.0
Brunei,2012,390.0,57.0,24.0,75.0,0.0,141.0,0.0,47.0,0.0,0.0,0.0,62.0,0.0,0.0,25.0,394.0,0.0,0.0,55.0,0.0,0.0
Brunei,2013,407.0,61.0,25.0,78.0,0.0,146.0,0.0,49.0,0.0,0.0,0.0,67.0,0.0,0.0,26.0,416.0,0.0,0.0,56.0,0.0,0.0
Brunei,2014,421.0,65.0,26.0,79.0,0.0,149.0,0.0,51.0,0.0,0.0,0.0,71.0,0.0,0.0,26.0,434.0,0.0,0.0,56.0,0.0,0.0
Brunei,2015,436.0,68.0,27.0,81.0,0.0,152.0,0.0,53.0,0.0,0.0,0.0,74.0,0.0,0.0,26.0,453.0,0.0,0.0,56.0,0.0,0.0
Brunei,2016,453.0,72.0,28.0,83.0,0.0,153.0,0.0,55.0,0.0,0.0,0.0,76.0,0.0,0.0,25.0,473.0,0.0,0.0,56.0,0.0,0.0
Brunei,2017,472.0,74.0,29.0,86.0,0.0,159.0,0.0,57.0,0.0,0.0,0.0,78.0,0.0,0.0,24.0,491.0,0.0,0.0,59.0,0.0,0.0
Brunei,2018,491.0,76.0,30.0,90.0,0.0,165.0,0.0,59.0,0.0,0.0,0.0,80.0,0.0,0.0,0.0,510.0,0.0,0.0,60.0,24.0,0.0
Brunei,2019,508.0,78.0,31.0,93.0,0.0,171.0,0.0,61.0,0.0,0.0,0.0,82.0,0.0,0.0,0.0,528.0,0.0,0.0,61.0,25.0,0.0
Cambodia,2000,17476.0,0.0,5666.0,3175.0,0.0,0.0,4921.0,9159.0,0.0,6401.0,0.0,18788.0,0.0,0.0,7264.0,7653.0,0.0,0.0,0.0,0.0,10454.0
Cambodia,2001,17860.0,0.0,5815.0,3230.0,0.0,0.0,4484.0,9319.0,0.0,7121.0,0.0,17991.0,0.0,0.0,7049.0,7822.0,0.0,0.0,0.0,0.0,10217.0
Cambodia,2002,18226.0,0.0,5961.0,3295.0,0.0,0.0,4159.0,9484.0,0.0,7593.0,0.0,17390.0,0.0,0.0,6940.0,8040.0,0.0,0.0,0.0,0.0,9860.0
Cambodia,2003,18603.0,0.0,6089.0,3363.0,0.0,0.0,3814.0,9623.0,0.0,7801.0,0.0,16573.0,0.0,0.0,6818.0,8254.0,0.0,0.0,0.0,0.0,9423.0
Cambodia,2004,19034.0,0.0,6231.0,3438.0,0.0,0.0,3484.0,9775.0,0.0,7710.0,0.0,15782.0,0.0,0.0,6707.0,8511.0,0.0,0.0,0.0,0.0,9024.0
Cambodia,2005,19441.0,0.0,6351.0,3507.0,0.0,0.0,3174.0,9884.0,0.0,7287.0,0.0,15054.0,0.0,0.0,6605.0,8768.0,0.0,0.0,0.0,0.0,8650.0
Cambodia,2006,19856.0,0.0,6420.0,3572.0,0.0,0.0,2915.0,9933.0,0.0,6523.0,0.0,14322.0,0.0,0.0,6510.0,8999.0,0.0,0.0,0.0,0.0,8315.0
Cambodia,2007,20408.0,0.0,6535.0,3657.0,0.0,0.0,0.0,10045.0,0.0,5541.0,0.0,13781.0,0.0,0.0,6412.0,9318.0,0.0,0.0,2792.0,0.0,8114.0
Cambodia,2008,21017.0,0.0,6618.0,3748.0,0.0,0.0,0.0,10120.0,0.0,4628.0,0.0,13323.0,0.0,0.0,6291.0,9629.0,0.0,0.0,2783.0,0.0,7953.0
Cambodia,2009,21722.0,0.0,6705.0,3850.0,0.0,0.0,0.0,10206.0,0.0,3920.0,0.0,12918.0,0.0,0.0,6153.0,9944.0,0.0,0.0,2774.0,0.0,7835.0
Cambodia,2010,22564.0,0.0,6846.0,3971.0,0.0,0.0,0.0,10371.0,0.0,3361.0,0.0,12732.0,0.0,0.0,5991.0,10345.0,0.0,0.0,2800.0,0.0,7741.0
Cambodia,2011,23410.0,0.0,6959.0,4090.0,0.0,0.0,0.0,10494.0,0.0,2875.0,0.0,12492.0,0.0,0.0,5779.0,10723.0,0.0,0.0,2790.0,0.0,7551.0
Cambodia,2012,24179.0,0.0,7085.0,4186.0,0.0,2768.0,0.0,10631.0,0.0,0.0,0.0,12429.0,0.0,0.0,5609.0,11114.0,0.0,0.0,2801.0,0.0,7350.0
Cambodia,2013,24962.0,0.0,7208.0,4281.0,0.0,2876.0,0.0,10757.0,0.0,0.0,0.0,12281.0,0.0,0.0,5423.0,11526.0,0.0,0.0,2804.0,0.0,7134.0
Cambodia,2014,25734.0,0.0,7369.0,4379.0,0.0,2984.0,0.0,10941.0,0.0,0.0,0.0,12303.0,0.0,0.0,5264.0,11963.0,0.0,0.0,2828.0,0.0,6934.0
Cambodia,2015,26558.0,0.0,7554.0,4485.0,0.0,3103.0,0.0,11160.0,0.0,0.0,0.0,12179.0,0.0,0.0,5146.0,12436.0,0.0,0.0,2849.0,0.0,6734.0
Cambodia,2016,27398.0,0.0,7760.0,4595.0,0.0,3229.0,0.0,11411.0,0.0,0.0,0.0,12124.0,0.0,0.0,4986.0,12927.0,0.0,0.0,2870.0,0.0,6531.0
Cambodia,2017,28304.0,0.0,8028.0,4711.0,0.0,3346.0,0.0,11757.0,0.0,0.0,0.0,12059.0,0.0,0.0,4805.0,13424.0,0.0,0.0,2876.0,0.0,6318.0
Cambodia,2018,29323.0,0.0,8211.0,4840.0,0.0,3490.0,0.0,11976.0,0.0,0.0,0.0,12059.0,0.0,0.0,4620.0,13998.0,0.0,0.0,2895.0,0.0,6174.0
Cambodia,2019,30313.0,0.0,8388.0,4959.0,0.0,3631.0,0.0,12188.0,0.0,0.0,0.0,12066.0,0.0,0.0,4440.0,14553.0,0.0,0.0,2911.0,0.0,6046.0
East Timor,2000,915.0,0.0,0.0,284.0,0.0,0.0,462.0,264.0,0.0,0.0,0.0,904.0,0.0,362.0,804.0,369.0,265.0,0.0,0.0,0.0,374.0
East Timor,2001,970.0,0.0,0.0,287.0,0.0,0.0,441.0,268.0,0.0,264.0,0.0,851.0,0.0,338.0,788.0,377.0,0.0,0.0,0.0,0.0,369.0
East Timor,2002,1027.0,0.0,0.0,292.0,0.0,0.0,418.0,271.0,0.0,262.0,0.0,809.0,0.0,303.0,774.0,385.0,0.0,0.0,0.0,0.0,357.0
East Timor,2003,1102.0,0.0,0.0,303.0,0.0,0.0,407.0,280.0,0.0,259.0,0.0,787.0,0.0,282.0,762.0,402.0,0.0,0.0,0.0,0.0,365.0
East Timor,2004,1143.0,0.0,0.0,303.0,0.0,0.0,373.0,277.0,0.0,254.0,0.0,740.0,366.0,0.0,742.0,406.0,0.0,0.0,0.0,0.0,335.0
East Timor,2005,1206.0,0.0,0.0,310.0,0.0,0.0,349.0,284.0,0.0,248.0,0.0,700.0,328.0,0.0,714.0,429.0,0.0,0.0,0.0,0.0,319.0
East Timor,2006,1250.0,0.0,0.0,312.0,0.0,0.0,308.0,284.0,0.0,244.0,0.0,636.0,376.0,0.0,673.0,444.0,0.0,0.0,0.0,0.0,288.0
East Timor,2007,1317.0,0.0,0.0,320.0,0.0,0.0,288.0,293.0,0.0,242.0,0.0,608.0,355.0,0.0,642.0,470.0,0.0,0.0,0.0,0.0,271.0
East Timor,2008,1374.0,0.0,0.0,326.0,0.0,0.0,263.0,296.0,0.0,244.0,0.0,567.0,447.0,0.0,613.0,488.0,0.0,0.0,0.0,0.0,251.0
East Timor,2009,1477.0,0.0,0.0,343.0,0.0,0.0,254.0,312.0,0.0,247.0,0.0,556.0,320.0,0.0,593.0,525.0,0.0,0.0,0.0,0.0,256.0
East Timor,2010,1591.0,0.0,0.0,364.0,0.0,0.0,250.0,326.0,0.0,252.0,0.0,549.0,310.0,0.0,575.0,561.0,0.0,0.0,0.0,0.0,263.0
East Timor,2011,1724.0,172.0,0.0,387.0,0.0,0.0,248.0,348.0,0.0,256.0,0.0,556.0,0.0,0.0,564.0,611.0,0.0,0.0,0.0,0.0,269.0
East Timor,2012,1833.0,182.0,0.0,407.0,0.0,0.0,247.0,364.0,0.0,261.0,0.0,565.0,0.0,0.0,553.0,652.0,0.0,0.0,0.0,0.0,272.0
East Timor,2013,1932.0,190.0,0.0,424.0,0.0,0.0,239.0,373.0,0.0,265.0,0.0,565.0,0.0,0.0,541.0,683.0,0.0,0.0,0.0,0.0,273.0
East Timor,2014,2025.0,198.0,0.0,438.0,0.0,0.0,234.0,382.0,0.0,266.0,0.0,572.0,0.0,0.0,539.0,707.0,0.0,0.0,0.0,0.0,278.0
East Timor,2015,2143.0,207.0,0.0,460.0,0.0,0.0,230.0,392.0,0.0,264.0,0.0,586.0,0.0,0.0,545.0,740.0,0.0,0.0,0.0,0.0,284.0
East Timor,2016,2226.0,214.0,0.0,475.0,0.0,0.0,233.0,402.0,0.0,263.0,0.0,598.0,0.0,0.0,546.0,765.0,0.0,0.0,0.0,0.0,289.0
East Timor,2017,2315.0,221.0,0.0,490.0,0.0,0.0,235.0,414.0,0.0,256.0,0.0,595.0,0.0,0.0,533.0,786.0,0.0,0.0,0.0,0.0,293.0
East Timor,2018,2395.0,227.0,0.0,505.0,0.0,0.0,235.0,423.0,0.0,247.0,0.0,598.0,0.0,0.0,527.0,807.0,0.0,0.0,0.0,0.0,296.0
East Timor,2019,2459.0,233.0,0.0,516.0,0.0,0.0,235.0,431.0,0.0,238.0,0.0,601.0,0.0,0.0,524.0,824.0,0.0,0.0,0.0,0.0,299.0
Indonesia,2000,380554.0,0.0,70431.0,79733.0,0.0,0.0,90092.0,100417.0,0.0,0.0,0.0,65403.0,0.0,0.0,86128.0,134197.0,0.0,0.0,50289.0,0.0,117563.0
Indonesia,2001,394941.0,0.0,71724.0,80882.0,0.0,0.0,89040.0,102057.0,0.0,0.0,0.0,63486.0,0.0,0.0,84493.0,137844.0,0.0,0.0,50597.0,0.0,117026.0
Indonesia,2002,410020.0,0.0,73119.0,82569.0,0.0,51325.0,88060.0,103910.0,0.0,0.0,0.0,61581.0,0.0,0.0,82916.0,141586.0,0.0,0.0,0.0,0.0,116569.0
Indonesia,2003,424879.0,0.0,74530.0,84554.0,0.0,53388.0,86467.0,105740.0,0.0,0.0,0.0,59795.0,0.0,0.0,81317.0,145558.0,0.0,0.0,0.0,0.0,115703.0
Indonesia,2004,440056.0,0.0,76033.0,86617.0,0.0,0.0,84928.0,107711.0,166020.0,0.0,0.0,58097.0,0.0,0.0,78930.0,149842.0,0.0,0.0,0.0,0.0,114201.0
Indonesia,2005,455437.0,0.0,77582.0,88816.0,0.0,57761.0,83441.0,109735.0,0.0,0.0,0.0,56576.0,0.0,0.0,76703.0,154637.0,0.0,0.0,0.0,0.0,112034.0
Indonesia,2006,469704.0,0.0,78813.0,91020.0,0.0,60342.0,81466.0,111360.0,0.0,0.0,0.0,55316.0,0.0,0.0,74642.0,159526.0,0.0,0.0,0.0,0.0,110253.0
Indonesia,2007,484163.0,0.0,79592.0,93117.0,0.0,63071.0,79695.0,112629.0,0.0,0.0,0.0,54227.0,0.0,0.0,72361.0,164406.0,0.0,0.0,0.0,0.0,109058.0
Indonesia,2008,500374.0,0.0,80826.0,93640.0,0.0,67098.0,77723.0,113979.0,0.0,0.0,0.0,53221.0,0.0,0.0,70046.0,168946.0,0.0,0.0,0.0,0.0,106904.0
Indonesia,2009,514806.0,0.0,81959.0,94419.0,0.0,70947.0,75605.0,115272.0,0.0,0.0,0.0,51750.0,0.0,0.0,67620.0,173532.0,0.0,0.0,0.0,0.0,104609.0
Indonesia,2010,527322.0,0.0,82784.0,95050.0,0.0,74734.0,72855.0,116137.0,0.0,0.0,0.0,50122.0,0.0,0.0,64440.0,177788.0,0.0,0.0,0.0,0.0,101631.0
Indonesia,2011,540490.0,0.0,84078.0,96427.0,0.0,79023.0,70271.0,117524.0,0.0,0.0,0.0,48806.0,0.0,0.0,60929.0,183379.0,0.0,0.0,0.0,0.0,97484.0
Indonesia,2012,558106.0,0.0,83990.0,96052.0,0.0,82939.0,68494.0,118387.0,0.0,0.0,0.0,48017.0,0.0,0.0,57442.0,188339.0,0.0,0.0,0.0,0.0,92813.0
Indonesia,2013,573039.0,0.0,84230.0,95674.0,0.0,87432.0,66978.0,119354.0,0.0,0.0,0.0,47309.0,0.0,0.0,54739.0,193469.0,0.0,0.0,0.0,0.0,89584.0
Indonesia,2014,587184.0,0.0,84378.0,95111.0,0.0,91872.0,65593.0,120212.0,0.0,0.0,0.0,46493.0,0.0,0.0,51473.0,198139.0,0.0,0.0,0.0,0.0,86953.0
Indonesia,2015,603096.0,0.0,83201.0,96559.0,0.0,95843.0,64578.0,119335.0,0.0,0.0,0.0,46032.0,0.0,0.0,48419.0,202962.0,0.0,0.0,0.0,0.0,83909.0
Indonesia,2016,614602.0,0.0,84434.0,97605.0,0.0,99125.0,63106.0,120717.0,0.0,0.0,0.0,45232.0,0.0,0.0,45203.0,209282.0,0.0,0.0,0.0,0.0,82533.0
Indonesia,2017,626883.0,0.0,86215.0,98705.0,0.0,101261.0,62584.0,123121.0,0.0,0.0,0.0,44727.0,0.0,0.0,43040.0,215810.0,0.0,0.0,0.0,0.0,80770.0
Indonesia,2018,639224.0,41234.0,87438.0,99795.0,0.0,103844.0,60886.0,124701.0,0.0,0.0,0.0,44453.0,0.0,0.0,0.0,222732.0,0.0,0.0,0.0,0.0,78494.0
Indonesia,2019,651481.0,42131.0,88670.0,100930.0,0.0,106333.0,59589.0,126348.0,0.0,0.0,0.0,44317.0,0.0,0.0,0.0,229524.0,0.0,0.0,0.0,0.0,76549.0
Laos,2000,9604.0,1279.0,0.0,2646.0,0.0,0.0,3537.0,2205.0,0.0,0.0,0.0,8070.0,0.0,1331.0,6188.0,3460.0,0.0,0.0,0.0,0.0,4516.0
Laos,2001,9917.0,1303.0,0.0,2624.0,0.0,0.0,3224.0,2191.0,0.0,0.0,0.0,7766.0,0.0,0.0,6029.0,3495.0,0.0,0.0,1260.0,0.0,4465.0
Laos,2002,10056.0,1311.0,0.0,2581.0,0.0,0.0,2994.0,2157.0,0.0,0.0,0.0,7489.0,0.0,0.0,5851.0,3498.0,0.0,0.0,1255.0,0.0,4306.0
Laos,2003,10236.0,1327.0,0.0,2554.0,0.0,0.0,2760.0,2137.0,0.0,0.0,0.0,7124.0,0.0,0.0,5637.0,3516.0,0.0,0.0,1251.0,0.0,4154.0
Laos,2004,10387.0,1340.0,0.0,2526.0,0.0,0.0,2561.0,2124.0,0.0,0.0,0.0,6719.0,0.0,0.0,5415.0,3538.0,0.0,0.0,1242.0,0.0,3984.0
Laos,2005,10575.0,1361.0,0.0,2512.0,0.0,0.0,2409.0,2131.0,0.0,0.0,0.0,6343.0,0.0,0.0,5224.0,3583.0,0.0,0.0,1238.0,0.0,3834.0
Laos,2006,10732.0,1377.0,0.0,2498.0,0.0,0.0,2265.0,2142.0,0.0,0.0,0.0,5970.0,0.0,0.0,5042.0,3630.0,0.0,0.0,1232.0,0.0,3668.0
Laos,2007,10846.0,1392.0,0.0,2476.0,0.0,0.0,2111.0,2150.0,0.0,0.0,0.0,5581.0,0.0,0.0,4848.0,3679.0,0.0,0.0,1219.0,0.0,3468.0
Laos,2008,10993.0,1414.0,0.0,2481.0,0.0,0.0,2075.0,2177.0,0.0,0.0,0.0,5451.0,0.0,0.0,4685.0,3761.0,0.0,0.0,1235.0,0.0,3308.0
Laos,2009,11104.0,1423.0,0.0,2467.0,0.0,0.0,1972.0,2194.0,0.0,0.0,0.0,5143.0,0.0,0.0,4493.0,3821.0,0.0,0.0,1226.0,0.0,3123.0
Laos,2010,11205.0,1430.0,0.0,2452.0,0.0,1210.0,1855.0,2202.0,0.0,0.0,0.0,4823.0,0.0,0.0,4287.0,3876.0,0.0,0.0,0.0,0.0,2941.0
Laos,2011,11281.0,1441.0,0.0,2438.0,0.0,1227.0,1748.0,2211.0,0.0,0.0,0.0,4538.0,0.0,0.0,4102.0,3934.0,0.0,0.0,0.0,0.0,2777.0
Laos,2012,11418.0,1454.0,0.0,2435.0,0.0,1250.0,1659.0,2222.0,0.0,0.0,0.0,4316.0,0.0,0.0,3925.0,4008.0,0.0,0.0,0.0,0.0,2636.0
Laos,2013,11624.0,1481.0,0.0,2444.0,0.0,1281.0,1573.0,2248.0,0.0,0.0,0.0,4098.0,0.0,0.0,3776.0,4111.0,0.0,0.0,0.0,0.0,2535.0
Laos,2014,11845.0,1512.0,0.0,2461.0,0.0,1318.0,1485.0,2283.0,0.0,0.0,0.0,3909.0,0.0,0.0,3613.0,4229.0,0.0,0.0,0.0,0.0,2452.0
Laos,2015,12123.0,1549.0,0.0,2493.0,0.0,1362.0,1415.0,2320.0,0.0,0.0,0.0,3786.0,0.0,0.0,3477.0,4365.0,0.0,0.0,0.0,0.0,2376.0
Laos,2016,12390.0,1587.0,0.0,2520.0,0.0,1406.0,1334.0,2355.0,0.0,0.0,0.0,3657.0,0.0,0.0,3365.0,4499.0,0.0,0.0,0.0,0.0,2296.0
Laos,2017,12709.0,1619.0,0.0,2555.0,0.0,1444.0,1271.0,2406.0,0.0,0.0,0.0,3520.0,0.0,0.0,3248.0,4637.0,0.0,0.0,0.0,0.0,2211.0
Laos,2018,13096.0,1664.0,1250.0,2606.0,0.0,1496.0,0.0,2432.0,0.0,0.0,0.0,3446.0,0.0,0.0,3141.0,4804.0,0.0,0.0,0.0,0.0,2144.0
Laos,2019,13523.0,1712.0,1273.0,2663.0,0.0,1553.0,0.0,2464.0,0.0,0.0,0.0,3392.0,0.0,0.0,3043.0,4975.0,0.0,0.0,0.0,0.0,2093.0
Malaysia,2000,35668.0,3390.0,2895.0,6627.0,0.0,3337.0,0.0,6143.0,0.0,0.0,0.0,6634.0,0.0,0.0,0.0,15811.0,0.0,0.0,5672.0,0.0,2367.0
Malaysia,2001,36440.0,3457.0,2925.0,6770.0,0.0,3399.0,0.0,6311.0,0.0,0.0,0.0,6873.0,0.0,0.0,0.0,16144.0,0.0,0.0,5536.0,0.0,2337.0
Malaysia,2002,37539.0,3549.0,2977.0,6790.0,0.0,3487.0,0.0,6519.0,0.0,0.0,0.0,7253.0,0.0,0.0,0.0,16690.0,0.0,0.0,5549.0,0.0,2252.0
Malaysia,2003,38426.0,3615.0,3054.0,6700.0,0.0,3563.0,0.0,6630.0,0.0,0.0,0.0,7641.0,0.0,0.0,0.0,17388.0,0.0,0.0,5859.0,0.0,2240.0
Malaysia,2004,38263.0,3594.0,3080.0,6399.0,0.0,3478.0,0.0,6642.0,0.0,0.0,0.0,7924.0,0.0,0.0,0.0,17720.0,0.0,0.0,5887.0,0.0,2157.0
Malaysia,2005,38697.0,3609.0,3105.0,6190.0,0.0,3382.0,0.0,6721.0,0.0,0.0,0.0,8491.0,0.0,0.0,0.0,18170.0,0.0,0.0,5893.0,0.0,2100.0
Malaysia,2006,39486.0,3653.0,3159.0,6037.0,2093.0,3260.0,0.0,6835.0,0.0,0.0,0.0,9249.0,0.0,0.0,0.0,18801.0,0.0,0.0,5938.0,0.0,0.0
Malaysia,2007,40129.0,3713.0,3210.0,5862.0,2163.0,3094.0,0.0,6929.0,0.0,0.0,0.0,10193.0,0.0,0.0,0.0,19362.0,0.0,0.0,6003.0,0.0,0.0
Malaysia,2008,42076.0,3900.0,3342.0,5865.0,2253.0,3020.0,0.0,7179.0,0.0,0.0,0.0,11733.0,0.0,0.0,0.0,20346.0,0.0,0.0,6329.0,0.0,0.0
Malaysia,2009,43692.0,4116.0,3475.0,5815.0,2335.0,2921.0,0.0,7443.0,0.0,0.0,0.0,13433.0,0.0,0.0,0.0,21279.0,0.0,0.0,6653.0,0.0,0.0
Malaysia,2010,43711.0,4269.0,3587.0,5686.0,2354.0,2750.0,0.0,7839.0,0.0,0.0,0.0,14516.0,0.0,0.0,0.0,21545.0,0.0,0.0,6638.0,0.0,0.0
Malaysia,2011,44186.0,4403.0,3690.0,5632.0,2412.0,2643.0,0.0,8092.0,0.0,0.0,0.0,15740.0,0.0,0.0,0.0,22087.0,0.0,0.0,6688.0,0.0,0.0
Malaysia,2012,44765.0,4451.0,3700.0,5479.0,2558.0,2594.0,0.0,7846.0,0.0,0.0,0.0,17016.0,0.0,0.0,0.0,22922.0,0.0,0.0,6703.0,0.0,0.0
Malaysia,2013,44025.0,4424.0,3691.0,5246.0,2672.0,0.0,0.0,7657.0,0.0,2611.0,0.0,17305.0,0.0,0.0,0.0,23242.0,0.0,0.0,6422.0,0.0,0.0
Malaysia,2014,46359.0,4691.0,3883.0,5518.0,2808.0,2654.0,0.0,8015.0,0.0,0.0,0.0,18556.0,0.0,0.0,0.0,24611.0,0.0,0.0,6668.0,0.0,0.0
Malaysia,2015,48228.0,4895.0,4033.0,5799.0,2951.0,2820.0,0.0,8319.0,0.0,0.0,0.0,19232.0,0.0,0.0,0.0,25722.0,0.0,0.0,6840.0,0.0,0.0
Malaysia,2016,51106.0,5225.0,4240.0,6259.0,3134.0,3051.0,0.0,8807.0,0.0,0.0,0.0,20107.0,0.0,0.0,0.0,27133.0,0.0,0.0,7075.0,0.0,0.0
Malaysia,2017,53286.0,5476.0,4419.0,6603.0,3289.0,3250.0,0.0,9205.0,0.0,0.0,0.0,20555.0,0.0,0.0,0.0,28348.0,0.0,0.0,7227.0,0.0,0.0
Malaysia,2018,55363.0,5719.0,4573.0,6926.0,3468.0,3467.0,0.0,9536.0,0.0,0.0,0.0,20867.0,0.0,0.0,0.0,29603.0,0.0,0.0,7314.0,0.0,0.0
Malaysia,2019,58824.0,6105.0,4783.0,7473.0,3667.0,3779.0,0.0,10072.0,0.0,0.0,0.0,21711.0,0.0,0.0,0.0,31294.0,0.0,0.0,7592.0,0.0,0.0
Myanmar,2000,115303.0,0.0,16823.0,42839.0,0.0,15950.0,28569.0,24736.0,0.0,0.0,0.0,46011.0,0.0,0.0,33735.0,39773.0,0.0,0.0,0.0,0.0,36549.0
Myanmar,2001,117017.0,0.0,17228.0,42688.0,0.0,16227.0,25507.0,24953.0,0.0,0.0,0.0,44470.0,0.0,0.0,32750.0,39995.0,0.0,0.0,0.0,0.0,35974.0
Myanmar,2002,118215.0,0.0,17568.0,42636.0,0.0,16512.0,22957.0,25174.0,0.0,0.0,0.0,42960.0,0.0,0.0,31888.0,40432.0,0.0,0.0,0.0,0.0,35088.0
Myanmar,2003,119109.0,0.0,17817.0,42609.0,0.0,16818.0,20910.0,25336.0,0.0,0.0,0.0,41620.0,0.0,0.0,31040.0,41011.0,0.0,0.0,0.0,0.0,34023.0
Myanmar,2004,120470.0,0.0,18225.0,42812.0,0.0,17194.0,19266.0,25716.0,0.0,0.0,0.0,40506.0,0.0,0.0,30201.0,41875.0,0.0,0.0,0.0,0.0,33038.0
Myanmar,2005,120240.0,0.0,18389.0,42534.0,0.0,17338.0,17504.0,25717.0,0.0,0.0,0.0,38815.0,0.0,0.0,29324.0,42297.0,0.0,0.0,0.0,0.0,31264.0
Myanmar,2006,120544.0,0.0,18594.0,42453.0,0.0,17647.0,16136.0,25763.0,0.0,0.0,0.0,36783.0,0.0,0.0,28352.0,42947.0,0.0,0.0,0.0,0.0,29404.0
Myanmar,2007,119798.0,0.0,18604.0,42010.0,0.0,17779.0,0.0,25540.0,0.0,16572.0,0.0,34462.0,0.0,0.0,27311.0,43153.0,0.0,0.0,0.0,0.0,27316.0
Myanmar,2008,119276.0,0.0,18505.0,41626.0,0.0,17904.0,0.0,25212.0,138366.0,0.0,0.0,32690.0,0.0,0.0,26259.0,43258.0,0.0,0.0,0.0,0.0,25482.0
Myanmar,2009,119782.0,0.0,18571.0,41529.0,0.0,18131.0,0.0,25082.0,0.0,16474.0,0.0,31004.0,0.0,0.0,25192.0,43614.0,0.0,0.0,0.0,0.0,23981.0
Myanmar,2010,119762.0,0.0,18569.0,41273.0,0.0,18278.0,0.0,24865.0,0.0,16109.0,0.0,29136.0,0.0,0.0,24076.0,43756.0,0.0,0.0,0.0,0.0,22379.0
Myanmar,2011,121071.0,0.0,18763.0,41466.0,0.0,18591.0,0.0,24922.0,0.0,15418.0,0.0,27715.0,0.0,0.0,23015.0,44331.0,0.0,0.0,0.0,0.0,21143.0
Myanmar,2012,121857.0,0.0,18723.0,41504.0,0.0,18832.0,0.0,24704.0,0.0,14354.0,0.0,26232.0,0.0,0.0,22000.0,44636.0,0.0,0.0,0.0,0.0,19735.0
Myanmar,2013,124067.0,0.0,18968.0,41818.0,0.0,19336.0,0.0,24850.0,0.0,13067.0,0.0,25305.0,0.0,0.0,21086.0,45665.0,0.0,0.0,0.0,0.0,18739.0
Myanmar,2014,125861.0,0.0,19177.0,42173.0,0.0,19844.0,0.0,24971.0,0.0,11593.0,0.0,24448.0,0.0,0.0,20202.0,46697.0,0.0,0.0,0.0,0.0,17737.0
Myanmar,2015,127955.0,10599.0,19287.0,42535.0,0.0,20443.0,0.0,24983.0,0.0,0.0,0.0,23602.0,0.0,0.0,19388.0,47791.0,0.0,0.0,0.0,0.0,16811.0
Myanmar,2016,130207.0,10759.0,19419.0,43114.0,0.0,21127.0,0.0,25080.0,0.0,0.0,0.0,22924.0,0.0,0.0,18722.0,49178.0,0.0,0.0,0.0,0.0,16099.0
Myanmar,2017,133165.0,11092.0,19982.0,43004.0,0.0,21585.0,0.0,25593.0,0.0,0.0,0.0,22385.0,0.0,0.0,17706.0,50128.0,0.0,0.0,0.0,0.0,15477.0
Myanmar,2018,135906.0,11436.0,20371.0,42820.0,0.0,22085.0,0.0,25910.0,0.0,0.0,0.0,21881.0,0.0,0.0,16755.0,51238.0,0.0,0.0,0.0,0.0,14893.0
Myanmar,2019,138139.0,11554.0,20361.0,43284.0,0.0,22619.0,0.0,25895.0,0.0,0.0,0.0,21453.0,0.0,0.0,16065.0,52674.0,0.0,0.0,0.0,0.0,14313.0
Philippines,2000,95581.0,0.0,0.0,22766.0,0.0,14351.0,14942.0,20688.0,0.0,0.0,16290.0,38980.0,0.0,0.0,30335.0,47488.0,0.0,0.0,0.0,0.0,27934.0
Philippines,2001,106850.0,0.0,0.0,23096.0,0.0,14779.0,14095.0,20763.0,0.0,0.0,16273.0,39868.0,0.0,0.0,30966.0,47959.0,0.0,0.0,0.0,0.0,27637.0
Philippines,2002,117398.0,14482.0,0.0,23529.0,0.0,15143.0,0.0,20898.0,0.0,0.0,16065.0,40752.0,0.0,0.0,31304.0,48516.0,0.0,0.0,0.0,0.0,27453.0
Philippines,2003,122881.0,14979.0,0.0,23513.0,0.0,15194.0,0.0,20906.0,0.0,0.0,15824.0,40823.0,0.0,0.0,31443.0,48567.0,0.0,0.0,0.0,0.0,27064.0
Philippines,2004,129074.0,15817.0,0.0,23628.0,0.0,15419.0,0.0,21002.0,0.0,0.0,15584.0,40386.0,0.0,0.0,31176.0,49006.0,0.0,0.0,0.0,0.0,27102.0
Philippines,2005,137238.0,17230.0,0.0,24765.0,0.0,16028.0,0.0,21531.0,0.0,0.0,15519.0,43389.0,0.0,0.0,31308.0,50595.0,0.0,0.0,0.0,0.0,28208.0
Philippines,2006,142313.0,18744.0,0.0,25594.0,0.0,16256.0,0.0,21947.0,0.0,0.0,15290.0,45013.0,0.0,0.0,31148.0,51598.0,0.0,0.0,0.0,0.0,29642.0
Philippines,2007,145342.0,19970.0,0.0,26018.0,0.0,16572.0,0.0,22154.0,0.0,0.0,14950.0,46110.0,0.0,0.0,30781.0,52671.0,0.0,0.0,0.0,0.0,29346.0
Philippines,2008,151552.0,21595.0,0.0,27004.0,0.0,17393.0,0.0,22788.0,0.0,0.0,14737.0,48349.0,0.0,0.0,30474.0,54937.0,0.0,0.0,0.0,0.0,28876.0
Philippines,2009,157518.0,23001.0,0.0,27871.0,0.0,18103.0,0.0,23143.0,0.0,0.0,14672.0,50039.0,0.0,0.0,30010.0,56646.0,0.0,0.0,0.0,0.0,29488.0
Philippines,2010,161854.0,24162.0,0.0,28388.0,0.0,18771.0,0.0,23406.0,0.0,0.0,14516.0,50966.0,0.0,0.0,29345.0,58356.0,0.0,0.0,0.0,0.0,28991.0
Philippines,2011,166853.0,25305.0,0.0,29112.0,0.0,19572.0,0.0,23790.0,0.0,0.0,14375.0,52563.0,0.0,0.0,29133.0,60414.0,0.0,0.0,0.0,0.0,28750.0
Philippines,2012,172643.0,26596.0,0.0,29877.0,0.0,20767.0,0.0,24332.0,0.0,0.0,14218.0,54519.0,0.0,0.0,28607.0,63191.0,0.0,0.0,0.0,0.0,28135.0
Philippines,2013,177293.0,27959.0,0.0,30228.0,0.0,22048.0,0.0,24768.0,14246.0,0.0,0.0,55412.0,0.0,0.0,28146.0,65965.0,0.0,0.0,0.0,0.0,27641.0
Philippines,2014,182449.0,29284.0,0.0,30755.0,0.0,23285.0,0.0,25245.0,0.0,0.0,14268.0,56230.0,0.0,0.0,27530.0,68477.0,0.0,0.0,0.0,0.0,28665.0
Philippines,2015,189416.0,30839.0,0.0,31541.0,0.0,24690.0,0.0,25882.0,0.0,0.0,14694.0,58162.0,0.0,0.0,27006.0,71673.0,0.0,0.0,0.0,0.0,30132.0
Philippines,2016,193603.0,31698.0,0.0,32232.0,0.0,25551.0,0.0,26487.0,0.0,0.0,15184.0,58298.0,0.0,0.0,26639.0,74132.0,0.0,0.0,0.0,0.0,30722.0
Philippines,2017,197124.0,32242.0,0.0,32555.0,0.0,26238.0,0.0,27035.0,0.0,0.0,15521.0,58702.0,0.0,0.0,26106.0,76389.0,0.0,0.0,0.0,0.0,30527.0
Philippines,2018,200391.0,32766.0,0.0,32827.0,0.0,26962.0,0.0,27430.0,0.0,0.0,15425.0,58304.0,0.0,0.0,24599.0,78774.0,0.0,0.0,0.0,0.0,29776.0
Philippines,2019,204311.0,33358.0,0.0,33229.0,0.0,27680.0,0.0,27945.0,0.0,0.0,15570.0,58413.0,0.0,0.0,23673.0,81321.0,0.0,0.0,0.0,0.0,29181.0
Singapore,2000,5370.0,257.0,0.0,689.0,478.0,378.0,0.0,387.0,0.0,0.0,0.0,1585.0,0.0,0.0,0.0,4142.0,0.0,0.0,240.0,476.0,0.0
Singapore,2001,5320.0,267.0,0.0,663.0,500.0,409.0,0.0,383.0,0.0,0.0,0.0,1600.0,0.0,0.0,0.0,4202.0,0.0,0.0,233.0,475.0,0.0
Singapore,2002,5313.0,275.0,0.0,646.0,519.0,416.0,0.0,391.0,0.0,0.0,0.0,1726.0,0.0,0.0,0.0,4257.0,0.0,0.0,226.0,474.0,0.0
Singapore,2003,5324.0,286.0,0.0,629.0,540.0,417.0,0.0,393.0,0.0,0.0,0.0,1830.0,0.0,0.0,0.0,4259.0,0.0,0.0,214.0,454.0,0.0
Singapore,2004,5344.0,306.0,0.0,619.0,561.0,435.0,0.0,399.0,0.0,0.0,0.0,1908.0,0.0,0.0,0.0,4351.0,0.0,0.0,207.0,450.0,0.0
Singapore,2005,5178.0,309.0,0.0,602.0,586.0,417.0,0.0,394.0,0.0,0.0,0.0,1917.0,0.0,0.0,0.0,4329.0,0.0,0.0,199.0,436.0,0.0
Singapore,2006,5236.0,336.0,0.0,592.0,621.0,409.0,0.0,403.0,0.0,0.0,0.0,1967.0,0.0,0.0,0.0,4468.0,0.0,0.0,203.0,444.0,0.0
Singapore,2007,5361.0,369.0,0.0,588.0,657.0,392.0,0.0,416.0,0.0,0.0,0.0,2051.0,0.0,0.0,0.0,4669.0,0.0,0.0,213.0,453.0,0.0
Singapore,2008,5476.0,402.0,0.0,588.0,698.0,351.0,0.0,430.0,0.0,0.0,0.0,2136.0,0.0,0.0,0.0,4897.0,0.0,0.0,223.0,472.0,0.0
Singapore,2009,5465.0,431.0,0.0,581.0,737.0,293.0,0.0,435.0,0.0,0.0,0.0,2214.0,0.0,0.0,0.0,5040.0,0.0,0.0,220.0,471.0,0.0
Singapore,2010,5523.0,468.0,0.0,587.0,781.0,250.0,0.0,450.0,0.0,0.0,0.0,2319.0,0.0,0.0,0.0,5220.0,0.0,0.0,210.0,465.0,0.0
Singapore,2011,5536.0,507.0,208.0,585.0,833.0,224.0,0.0,461.0,0.0,0.0,0.0,2412.0,0.0,0.0,0.0,5401.0,0.0,0.0,0.0,464.0,0.0
Singapore,2012,5674.0,565.0,214.0,596.0,902.0,0.0,0.0,477.0,0.0,0.0,0.0,2550.0,0.0,0.0,0.0,5651.0,0.0,0.0,205.0,476.0,0.0
Singapore,2013,5746.0,602.0,219.0,599.0,980.0,0.0,0.0,490.0,0.0,0.0,0.0,2687.0,0.0,0.0,0.0,5792.0,0.0,0.0,198.0,470.0,0.0
Singapore,2014,5855.0,631.0,225.0,610.0,1063.0,0.0,0.0,505.0,0.0,0.0,0.0,2814.0,0.0,0.0,0.0,5929.0,0.0,0.0,192.0,464.0,0.0
Singapore,2015,5963.0,663.0,230.0,621.0,1141.0,0.0,0.0,517.0,0.0,0.0,0.0,2929.0,0.0,0.0,0.0,6073.0,0.0,193.0,0.0,460.0,0.0
Singapore,2016,6089.0,692.0,235.0,637.0,1217.0,0.0,0.0,532.0,0.0,0.0,0.0,3045.0,0.0,0.0,0.0,6232.0,0.0,204.0,0.0,459.0,0.0
Singapore,2017,6225.0,717.0,237.0,657.0,1293.0,0.0,0.0,544.0,0.0,0.0,0.0,3166.0,0.0,0.0,0.0,6378.0,0.0,213.0,0.0,445.0,0.0
Singapore,2018,6534.0,734.0,245.0,709.0,1383.0,0.0,0.0,569.0,0.0,0.0,0.0,3331.0,0.0,0.0,0.0,6697.0,0.0,226.0,0.0,452.0,0.0
Singapore,2019,6810.0,758.0,253.0,750.0,1477.0,0.0,0.0,592.0,0.0,0.0,0.0,3471.0,0.0,0.0,0.0,7001.0,0.0,237.0,0.0,464.0,0.0
Thailand,2000,84185.0,14773.0,12796.0,23901.0,0.0,12621.0,0.0,20872.0,0.0,34113.0,0.0,0.0,0.0,0.0,0.0,72636.0,0.0,0.0,28444.0,0.0,11451.0
Thailand,2001,79669.0,14416.0,12618.0,22171.0,0.0,11567.0,0.0,20463.0,0.0,35471.0,0.0,11110.0,0.0,0.0,0.0,70081.0,0.0,0.0,27049.0,0.0,0.0
Thailand,2002,81240.0,15067.0,13145.0,22192.0,0.0,11544.0,0.0,21213.0,0.0,35798.0,0.0,11845.0,0.0,0.0,0.0,72423.0,0.0,0.0,27091.0,0.0,0.0
Thailand,2003,81296.0,15441.0,13548.0,22028.0,0.0,11274.0,0.0,21760.0,0.0,34901.0,0.0,12311.0,0.0,0.0,0.0,74255.0,0.0,0.0,26355.0,0.0,0.0
Thailand,2004,83785.0,15579.0,13604.0,22314.0,0.0,11601.0,0.0,22063.0,0.0,33089.0,0.0,12950.0,0.0,0.0,0.0,75922.0,0.0,0.0,24510.0,0.0,0.0
Thailand,2005,85153.0,15604.0,13627.0,22383.0,0.0,11679.0,0.0,22269.0,0.0,29303.0,0.0,13487.0,0.0,0.0,0.0,77591.0,0.0,0.0,22708.0,0.0,0.0
Thailand,2006,85479.0,16305.0,14125.0,22180.0,0.0,11904.0,0.0,23046.0,0.0,23476.0,0.0,14397.0,0.0,0.0,0.0,79434.0,0.0,0.0,21594.0,0.0,0.0
Thailand,2007,86180.0,17032.0,14607.0,22047.0,0.0,12113.0,0.0,23855.0,0.0,19395.0,0.0,15463.0,0.0,0.0,0.0,81637.0,0.0,0.0,20880.0,0.0,0.0
Thailand,2008,86876.0,17752.0,15017.0,21937.0,0.0,12305.0,0.0,24597.0,0.0,17638.0,0.0,16554.0,0.0,0.0,0.0,83758.0,0.0,0.0,20629.0,0.0,0.0
Thailand,2009,86890.0,18294.0,15293.0,21705.0,12485.0,0.0,0.0,25136.0,0.0,16590.0,0.0,17524.0,0.0,0.0,0.0,85440.0,0.0,0.0,20110.0,0.0,0.0
Thailand,2010,89053.0,19223.0,15863.0,21913.0,13132.0,0.0,0.0,26117.0,0.0,16261.0,0.0,18926.0,0.0,0.0,0.0,88792.0,0.0,0.0,20167.0,0.0,0.0
Thailand,2011,89282.0,19926.0,16249.0,21719.0,13732.0,0.0,0.0,26774.0,0.0,16044.0,0.0,20005.0,0.0,0.0,0.0,91007.0,0.0,0.0,19972.0,0.0,0.0
Thailand,2012,89655.0,20412.0,16649.0,21176.0,14401.0,0.0,0.0,27296.0,0.0,16875.0,0.0,21162.0,0.0,0.0,0.0,92723.0,0.0,0.0,19786.0,0.0,0.0
Thailand,2013,90755.0,20993.0,16968.0,20618.0,15192.0,0.0,0.0,27722.0,0.0,19269.0,0.0,22577.0,0.0,0.0,0.0,93810.0,0.0,0.0,19174.0,0.0,0.0
Thailand,2014,93587.0,21975.0,17545.0,20590.0,16083.0,0.0,0.0,28538.0,0.0,20839.0,0.0,24439.0,0.0,0.0,0.0,96260.0,0.0,0.0,19246.0,0.0,0.0
Thailand,2015,96931.0,23039.0,18077.0,20642.0,17050.0,0.0,0.0,29328.0,0.0,21103.0,0.0,26340.0,0.0,0.0,0.0,99068.0,0.0,0.0,19379.0,0.0,0.0
Thailand,2016,102483.0,24491.0,18827.0,21412.0,18144.0,0.0,0.0,30538.0,0.0,20543.0,0.0,28256.0,0.0,0.0,0.0,103557.0,0.0,0.0,19839.0,0.0,0.0
Thailand,2017,106585.0,25365.0,19105.0,22241.0,19228.0,0.0,0.0,31254.0,0.0,19544.0,0.0,29292.0,0.0,0.0,0.0,107299.0,0.0,0.0,19726.0,0.0,0.0
Thailand,2018,111404.0,26453.0,19343.0,23139.0,20380.0,18847.0,0.0,31943.0,0.0,0.0,0.0,30336.0,0.0,0.0,0.0,111493.0,0.0,0.0,19589.0,0.0,0.0
Thailand,2019,115830.0,27446.0,19603.0,23925.0,21553.0,19570.0,0.0,32635.0,0.0,0.0,0.0,31037.0,0.0,0.0,0.0,115544.0,0.0,0.0,19541.0,0.0,0.0
Vietnam,2000,149561.0,0.0,16378.0,27861.0,0.0,14081.0,0.0,23472.0,0.0,0.0,0.0,18914.0,0.0,0.0,16129.0,57718.0,0.0,0.0,15075.0,0.0,25011.0
Vietnam,2001,154546.0,0.0,16165.0,28451.0,0.0,14569.0,0.0,23105.0,0.0,0.0,0.0,19050.0,0.0,0.0,15208.0,59562.0,0.0,0.0,15764.0,0.0,24982.0
Vietnam,2002,159809.0,0.0,15954.0,29050.0,0.0,15091.0,0.0,22756.0,0.0,0.0,0.0,19300.0,0.0,0.0,14485.0,61556.0,0.0,0.0,16622.0,0.0,24902.0
Vietnam,2003,165575.0,0.0,15807.0,29728.0,0.0,15690.0,0.0,22524.0,0.0,0.0,0.0,19832.0,0.0,0.0,13953.0,63881.0,0.0,0.0,17618.0,0.0,24676.0
Vietnam,2004,171797.0,0.0,15658.0,30369.0,0.0,16298.0,0.0,22290.0,0.0,0.0,0.0,20369.0,0.0,0.0,13505.0,66406.0,0.0,0.0,18671.0,0.0,24434.0
Vietnam,2005,177831.0,0.0,15495.0,30926.0,0.0,16915.0,0.0,22025.0,0.0,0.0,0.0,20693.0,0.0,0.0,13119.0,68914.0,0.0,0.0,19666.0,0.0,24159.0
Vietnam,2006,183787.0,0.0,15323.0,31408.0,0.0,17533.0,0.0,21770.0,0.0,0.0,0.0,20893.0,0.0,0.0,12807.0,71515.0,0.0,0.0,20379.0,0.0,24034.0
Vietnam,2007,190399.0,0.0,15394.0,31736.0,12698.0,18243.0,0.0,21788.0,0.0,0.0,0.0,21139.0,0.0,0.0,0.0,74528.0,0.0,0.0,22260.0,0.0,23863.0
Vietnam,2008,196640.0,0.0,15583.0,31974.0,13204.0,18952.0,0.0,21948.0,0.0,0.0,0.0,21416.0,0.0,0.0,0.0,77482.0,0.0,0.0,24657.0,0.0,23549.0
Vietnam,2009,202621.0,0.0,16044.0,32102.0,13732.0,19625.0,0.0,22443.0,0.0,0.0,0.0,21607.0,0.0,0.0,0.0,80447.0,0.0,0.0,25436.0,0.0,23371.0
Vietnam,2010,207097.0,0.0,16562.0,32201.0,14283.0,20263.0,0.0,23012.0,0.0,0.0,0.0,21740.0,0.0,0.0,0.0,83110.0,0.0,0.0,25950.0,0.0,23104.0
Vietnam,2011,211557.0,0.0,17182.0,32596.0,14875.0,21179.0,0.0,23715.0,0.0,0.0,0.0,21788.0,0.0,0.0,0.0,85955.0,0.0,0.0,26173.0,0.0,22746.0
Vietnam,2012,215500.0,0.0,17903.0,33006.0,15479.0,22128.0,0.0,24543.0,0.0,0.0,0.0,21788.0,0.0,0.0,0.0,88853.0,0.0,0.0,26227.0,0.0,22296.0
Vietnam,2013,219272.0,0.0,18747.0,33414.0,16048.0,23104.0,0.0,25506.0,0.0,0.0,0.0,21982.0,0.0,0.0,0.0,91901.0,0.0,0.0,25443.0,0.0,21816.0
Vietnam,2014,222872.0,16987.0,19661.0,33943.0,0.0,24185.0,0.0,26579.0,0.0,0.0,0.0,21646.0,0.0,0.0,0.0,95150.0,0.0,0.0,25386.0,0.0,21401.0
Vietnam,2015,225569.0,17872.0,20464.0,34289.0,0.0,25168.0,0.0,27510.0,0.0,0.0,0.0,21572.0,0.0,0.0,0.0,98218.0,0.0,0.0,25154.0,0.0,20803.0
Vietnam,2016,228957.0,18835.0,21346.0,34806.0,0.0,26317.0,0.0,28557.0,0.0,0.0,0.0,21492.0,0.0,0.0,0.0,101684.0,0.0,0.0,24911.0,0.0,20233.0
Vietnam,2017,232646.0,19713.0,22272.0,35312.0,0.0,27285.0,0.0,29680.0,0.0,0.0,0.0,21460.0,0.0,0.0,0.0,105181.0,0.0,0.0,24648.0,0.0,19653.0
Vietnam,2018,236471.0,20621.0,22975.0,35785.0,0.0,28358.0,0.0,30515.0,0.0,0.0,0.0,21408.0,0.0,0.0,0.0,108902.0,0.0,0.0,24401.0,0.0,19129.0
Vietnam,2019,240161.0,21485.0,23637.0,36229.0,19460.0,29391.0,0.0,31306.0,0.0,0.0,0.0,21345.0,0.0,0.0,0.0,112564.0,0.0,0.0,24153.0,0.0,0.0
